val/openai/gsm8k/reward/mean,val/openai/gsm8k/length/mean,critic/score/max,perf/throughput,actor/grad_norm,global_seqlen/min,val/openai/gsm8k/1_length/unknown,timing_s/old_log_prob,difficulty/1_length/unknown,steps/compute_matched_steps,difficulty/verification/unknown,critic/rewards/mean,actor/kl_loss,timing_per_token_ms/update_actor,timing_s/gen,global_seqlen/max,critic/advantages/mean,timing_s/update_actor,difficulty/1_verification/unknown,perf/total_num_tokens,actor/pg_loss,response_length/clip_ratio,perf/cpu_memory_used_gb,difficulty/0_verification/unknown,perf/max_memory_reserved_gb,critic/score/under_4k,val/openai/gsm8k/1_length/mean,val/openai/gsm8k/test_score/,global_seqlen/minmax_diff,_step,_timestamp,global_seqlen/mean,val/openai/gsm8k/0_length/unknown,critic/score/min,response_length/max,timing_per_token_ms/adv,difficulty/length/unknown,critic/score/mean,critic/score/under_16k,response_length/min,timing_s/adv,critic/rewards/min,timing_s/testing,prompt_length/max,perf/mfu/actor,difficulty/0_length/unknown,val/openai/gsm8k/test_score/unknown,critic/advantages/min,val/generations,timing_per_token_ms/gen,critic/returns/mean,_runtime,critic/returns/max,global_seqlen/balanced_max,val/openai/gsm8k/length/unknown,critic/rewards/max,critic/score/under_8k,timing_s/step,actor/pg_clipfrac_lower,timing_per_token_ms/ref,critic/score/under_2k,timing_s/save_checkpoint,actor/ppo_kl,prompt_length/min,difficulty/reward/unknown,difficulty/zero_advantage_ratio/unknown,timing_s/ref,perf/max_memory_allocated_gb,prompt_length/mean,perf/time_per_step,steps/steps,actor/pg_clipfrac,actor/lr,actor/entropy,response_length/mean,val/openai/gsm8k/reward/unknown,actor/kl_coef,critic/returns/min,global_seqlen/balanced_min,critic/advantages/max,prompt_length/clip_ratio,val/openai/gsm8k/0_length/mean
0.8711144806671721,877.0936315390447,,,,,861.5184943429068,,,,,,,,,,,,,,,,,,,,861.5184943429068,0.8711144806671721,,300,1779660842.258158,,982.3632352941177,,,,,,,,,,,,,,0.8711144806671721,,"{'nrows': 1, 'sha256': 'd525e732a60320d5591046f6a8539a6a3bb504aeaf18ecb941092008a66ee4c5', 'log_mode': 'IMMUTABLE', 'size': 10171, 'path': 'media/table/val/generations_0_d525e732a60320d55910.table.json', 'ncols': 10, '_type': 'table-file', 'artifact_path': 'wandb-client-artifact://lps8jma9ptoi8eloc50es5l4cmenfd8yzbw34ij3f8t4p7l3wsjtfpelsuhe9s55ap37owycpwhvq8rzu9v4yghivpoiatj8g2sra4vpw0wknp8zyo2oq39petski8ve/val/generations.table.json', '_latest_artifact_path': 'wandb-client-artifact://0p0z112nvi6x0xg21niwsfvfxmdxkjgs8qlv9goqhok3rctny6hsgy89ewaivu2fjcbpws0mdjf8y5jjy27lgpnmxqnapxlhsoa21jq41owmbut0eica80885xhl4rbi:latest/val/generations.table.json'}",,,530.60162845,,,877.0936315390447,,,,,,,,,,,,,,,,,,,,,0.8711144806671721,,,,,,982.3632352941177
,,1.0,5337.326148894301,0.32403093576431274,484723.0,,9.357412109999927,853.2389380530974,0.0,2.126953125,0.8828125,0.15415672957897186,0.05269360569438623,45.66809209799999,484723.0,-0.002672363305464387,25.541802632999975,1.9026548672566372,484723.0,0.0027666502030721557,0.5625,35.9869384765625,3.816666666666667,104.79296875,0.8828125,,,0.0,301,1779660934.3531787,484723.0,,0.0,1024.0,0.000241126185470736,869.037109375,0.8828125,0.8828125,304.0,0.11687940799993157,0.0,,146.0,0.0,988.05,,-2.4748666286468506,,0.10263715026284026,-0.002672363305464387,612.619398783,2.4748666286468506,484723.0,,1.0,0.8828125,90.81757166,0.0,0.020820737957555107,0.8828125,,9.904798299431583e-05,48.0,0.8828125,0.84375,10.092290564999985,80.04781723022461,77.6875,90.81757166,301.0,0.0007102378818672151,1e-06,0.14487926810979843,869.037109375,,0.001,-2.4748666286468506,484723.0,2.4748666286468506,0.0,
,,1.0,5908.256013096418,0.2003764808177948,483837.0,,6.133799588000102,849.3672566371681,444947.0,2.3359375,0.8828125,0.1618817150592804,0.048625792934397366,45.38478998599999,483837.0,-0.0006834617233835161,23.526957776000017,2.1283185840707963,483837.0,0.0006685200935559502,0.552734375,36.10341262817383,3.9,104.79296875,0.8828125,,,0.0,302,1779661016.3712013,483837.0,,0.0,1024.0,0.0002309672575682137,867.212890625,0.8828125,0.8828125,318.0,0.11175050500003181,0.0,,139.0,0.0,1001.65,,-2.4748666286468506,,0.10221500268235387,-0.0006834617233835161,694.452991492,1.6201815605163574,483837.0,,1.0,0.8828125,81.89167817499992,0.0,0.01388023615391131,0.8828125,,7.902336773757401e-05,44.0,0.8828125,0.890625,6.715771819999986,80.04781723022461,77.78125,81.89167817499992,302.0,0.0003100795666493165,1e-06,0.14861393868923187,867.212890625,,0.001,-2.4748666286468506,483837.0,1.6201815605163574,0.0,
,,1.0,5967.160711328722,0.19678111374378204,487500.0,,6.092108305000011,856.089770354906,888960.0,2.287109375,0.935546875,0.16078446805477142,0.048580890215384545,45.397450178999975,487500.0,-0.000882837048266083,23.683183979999967,2.144050104384134,487500.0,0.00103213487853927,0.51171875,36.10634994506836,4.363636363636363,104.79296875,0.935546875,,,0.0,303,1779661098.20493,487500.0,,0.0,1024.0,0.00022859524717951457,863.8671875,0.935546875,0.935546875,309.0,0.11144018300001335,0.0,,161.0,0.0,976.7575757575758,,-1.6201815605163574,,0.10263949848293008,-0.000882837048266083,769.954855738,2.4748666286468506,487500.0,,1.0,0.935546875,81.69714602700003,0.0,0.013120822676922985,0.935546875,,0.00020924212258104227,56.0,0.935546875,0.921875,6.396401054999956,80.04781723022461,88.28125,81.69714602700003,303.0,0.00017283972157465836,1e-06,0.14698505569850245,863.8671875,,0.001,-1.6201815605163574,487500.0,2.4748666286468506,0.0,
,,1.0,6206.756035886273,0.15418221056461334,467875.0,,5.890644820000034,824.8577319587629,1331260.0,1.935546875,0.947265625,0.14698009192943573,0.04827490952284265,40.59580570200001,467875.0,0.0002485710720065981,22.586623293000002,1.888659793814433,467875.0,-0.0001130778806403517,0.451171875,36.01542663574219,2.7777777777777777,104.79296875,0.947265625,,,0.0,304,1779661173.7067692,467875.0,,0.0,1024.0,0.00023569480737380155,833.177734375,0.947265625,0.947265625,313.0,0.1102757080000174,0.0,,190.0,0.0,982.6296296296297,,-2.4748666286468506,,0.09516418855239378,0.0002485710720065981,850.693151556,1.6201815605163574,467875.0,,1.0,0.947265625,75.38156764899998,0.0,0.013212605948169863,0.947265625,,0.00012925238928194934,43.0,0.947265625,0.890625,6.1818480079999745,80.04781723022461,80.640625,75.38156764899998,304.0,0.00025607503800226066,1e-06,0.13300038228432337,833.177734375,,0.001,-2.4748666286468506,467875.0,1.6201815605163574,0.0,
,,1.0,5969.154727917948,0.31242635846138,481204.0,,6.105480943000089,838.3392857142857,1757847.0,2.072265625,0.875,0.15073004364967346,0.04778143342116866,44.676555497000095,481204.0,0.001509253866970539,22.992616888000043,1.9821428571428572,481204.0,-0.001665167510509491,0.482421875,36.013427734375,2.703125,104.79296875,0.875,,,0.0,305,1779661254.4450269,481204.0,,0.0,1024.0,0.00024496696619321,852.9921875,0.875,0.875,351.0,0.11787908400003744,0.0,,158.0,0.0,955.5625,,-2.4748666286468506,,0.10229741694448792,0.001509253866970539,933.357682815,2.4748666286468506,481204.0,,1.0,0.875,80.61509911100006,0.0,0.013934239312225196,0.875,,0.00016460333395116323,49.0,0.875,0.875,6.705211694000013,80.09274053573608,86.859375,80.61509911100006,305.0,0.0005544645047242132,1e-06,0.14314479778210323,852.9921875,,0.001,-2.4748666286468506,481204.0,2.4748666286468506,0.0,
,,1.0,5954.498788358816,0.39542892575263977,491467.0,,6.161036791000015,858.7108695652174,2194579.0,2.380859375,0.8984375,0.1665640026330948,0.04854243122936029,45.94256390499993,491467.0,-0.004049327690154314,23.857003049000014,2.1978260869565216,491467.0,0.004196849997125326,0.525390625,36.04413986206055,4.0,104.79296875,0.8984375,,,0.0,306,1779661337.1087575,491467.0,,0.0,1024.0,0.00023809378452654622,874.162109375,0.8984375,0.8984375,317.0,0.1170152379999081,0.0,,152.0,0.0,1010.8461538461538,,-2.4748666286468506,,0.10264866111745384,-0.004049327690154314,1012.506307847,2.4748666286468506,491467.0,,1.0,0.8984375,82.53708959700009,0.0,0.013108697318436587,0.8984375,,0.00014172477551847997,52.0,0.8984375,0.78125,6.442492145000074,80.09274053573608,85.734375,82.53708959700009,306.0,0.0007828544579341167,1e-06,0.14699150549788628,874.162109375,,0.001,-2.4748666286468506,491467.0,2.4748666286468506,0.0,
,,1.0,6008.990339660197,0.29156503081321716,474853.0,,5.969238866999831,833.5873684210526,2642150.0,2.150390625,0.927734375,0.16550347208976746,0.048584546337498334,43.596370334000085,474853.0,-0.004101685248315334,23.070517582000093,2.0168421052631578,474853.0,0.004284512988912563,0.453125,36.068992614746094,3.864864864864865,104.79296875,0.927734375,,,0.0,307,1779661416.2580864,474853.0,,0.0,1024.0,0.00023791513794804456,845.837890625,0.927734375,0.927734375,315.0,0.1129747170000428,0.0,,159.0,0.0,1003.1081081081081,,-2.4748666286468506,,0.10066841619695727,-0.004101685248315334,1094.34936356,1.6201815605163574,474853.0,,1.0,0.927734375,79.02375826199989,0.0,0.013175710918958167,0.927734375,,3.226614662708016e-05,53.0,0.927734375,0.859375,6.256525857000042,80.09274053573608,81.609375,79.02375826199989,307.0,0.0004666618595365435,1e-06,0.1461678812901179,845.837890625,,0.001,-2.4748666286468506,474853.0,1.6201815605163574,0.0,
,,1.0,5957.2145606979075,0.08675689995288849,486807.0,,6.394775589000119,859.41431670282,3075219.0,2.2421875,0.900390625,0.1469542682170868,0.04861169398755597,45.07360580700015,486807.0,0.0018234398448839784,23.66451291500016,2.054229934924078,486807.0,-0.0018022538072639896,0.48828125,36.02106475830078,3.9411764705882355,104.79296875,0.900390625,,,0.0,308,1779661498.1012664,486807.0,,0.0,1024.0,0.0002507845696549504,866.638671875,0.900390625,0.900390625,348.0,0.12208368400001746,0.0,,128.0,0.0,931.9411764705883,,-2.4748666286468506,,0.1015814193374639,0.0018234398448839784,1175.416721231,2.4748666286468506,486807.0,,1.0,0.900390625,81.71721784400006,2.206282994349397e-06,0.01323948880357101,0.900390625,,1.9335378408047085e-05,51.0,0.900390625,0.890625,6.445075825999993,80.09274053573608,84.15625,81.71721784400006,308.0,5.530492888928782e-05,1e-06,0.14610902099840103,866.638671875,,0.001,-2.4748666286468506,486807.0,2.4748666286468506,0.0,
,,1.0,5950.0252810386755,0.2624451816082001,481526.0,,6.0869826229998125,834.2136563876652,3518938.0,2.42578125,0.88671875,0.16479620337486267,0.04842267253481646,45.002026601000125,481526.0,-0.0020430844742804766,23.316775815000028,2.251101321585903,481526.0,0.002233797249694665,0.498046875,36.02439498901367,3.793103448275862,105.5859375,0.88671875,,,0.0,309,1779661579.1686091,481526.0,,0.0,1024.0,0.00023553693673848737,854.68359375,0.88671875,0.88671875,374.0,0.11341715899993687,0.0,,160.0,0.0,1014.9137931034483,,-2.4748666286468506,,0.10283873921041714,-0.0020430844742804766,1258.329998583,2.4748666286468506,481526.0,,1.0,0.88671875,80.92839563799998,0.0,0.01327476408542806,0.88671875,,3.715402866267444e-05,53.0,0.88671875,0.875,6.392144050999832,80.19278287887573,85.796875,80.92839563799998,309.0,0.00043355008674552666,1e-06,0.15899876058101653,854.68359375,,0.001,-2.4748666286468506,481526.0,2.4748666286468506,0.0,
,,1.0,5966.981680658203,0.2186763882637024,493988.0,,6.262737642000047,875.2421711899791,3956536.0,2.310546875,0.935546875,0.1561289280653,0.04806311428212794,46.09576343399999,493988.0,-0.0028916343580931425,23.742601697999817,2.2045929018789145,493988.0,0.003073205123655498,0.509765625,36.064205169677734,3.8484848484848486,105.5859375,0.935546875,,,0.0,310,1779661662.081703,493988.0,,0.0,1024.0,0.00023523345911244,884.5078125,0.935546875,0.935546875,346.0,0.11620250600003601,0.0,,173.0,0.0,1019.0,,-2.4748666286468506,,0.10178631175971804,-0.0028916343580931425,1341.349683453,0.5400605201721191,493988.0,,1.0,0.935546875,82.78691412800003,0.0,0.013265405991643563,0.935546875,,9.818618840995441e-05,43.0,0.935546875,0.890625,6.552951375000021,80.19278287887573,80.3125,82.78691412800003,310.0,0.00021152557610548683,1e-06,0.15522226737812161,884.5078125,,0.001,-2.4748666286468506,493988.0,0.5400605201721191,0.0,
,,1.0,5963.374457095658,0.34427887201309204,491699.0,,6.190929938999943,856.4252336448598,4409404.0,2.6328125,0.8359375,0.14335763454437256,0.04852675261287893,45.76003393399992,491699.0,-0.0020864869002252817,23.860555732999956,2.3761682242990654,491699.0,0.0020254348074236223,0.486328125,36.063838958740234,3.9404761904761907,105.5859375,0.8359375,,,0.0,311,1779661745.1014795,491699.0,,0.0,1024.0,0.00023258117872938477,876.912109375,0.8359375,0.8359375,357.0,0.11435993300005975,0.0,,180.0,0.0,981.297619047619,,-2.4748666286468506,,0.10192020992964018,-0.0020864869002252817,1424.398645251,2.4748666286468506,491699.0,,1.0,0.8359375,82.45314855499987,0.0,0.013242556012926572,0.8359375,,0.00010044962208109698,49.0,0.8359375,0.78125,6.511351548999983,80.19278287887573,83.4375,82.45314855499987,311.0,0.0003798829995737892,1e-06,0.15669265725920278,876.912109375,,0.001,-2.4748666286468506,491699.0,2.4748666286468506,0.0,
,,1.0,6022.7392919214135,0.2982580363750458,499399.0,,6.298284727000009,879.3066954643629,4858383.0,2.71484375,0.904296875,0.20483599603176117,0.04785847707344232,45.646412102999875,499399.0,-0.0020011707674711943,23.90047559200002,2.470842332613391,499399.0,0.00201262628299094,0.521484375,36.09526062011719,5.020408163265306,105.9609375,0.904296875,,,0.0,312,1779661828.1503987,499399.0,,0.0,1024.0,0.00023302034645638332,887.794921875,0.904296875,0.904296875,293.0,0.11637012799997137,0.0,,154.0,0.0,968.0,,-2.4748666286468506,,0.10042088149184553,-0.0020011707674711943,1508.467512277,1.6201815605163574,499399.0,,1.0,0.904296875,82.91891376900003,0.0,0.013898886932092468,0.904296875,,-1.2268744256054501e-05,49.0,0.904296875,0.859375,6.941090235000047,80.1956729888916,87.59375,82.91891376900003,312.0,0.00032189983786309076,1e-06,0.16521106996843893,887.794921875,,0.001,-2.4748666286468506,499399.0,1.6201815605163574,0.0,
,,1.0,5770.409296359837,0.2944020628929138,484386.0,,6.09913232100007,855.0911062906724,5312934.0,2.509765625,0.900390625,0.17450089752674103,0.04892729821671138,47.63572983400013,484386.0,-0.0004704113816842437,23.699698273999957,2.3405639913232106,484386.0,0.00045857998387267195,0.484375,36.101402282714844,4.03921568627451,105.9609375,0.900390625,,,0.0,313,1779661912.219242,484386.0,,0.0,1024.0,0.0002362261171877261,864.00390625,0.900390625,0.900390625,417.0,0.1144246240000939,0.0,,127.0,0.0,944.5686274509804,,-2.4748666286468506,,0.10768300254085976,-0.0004704113816842437,1589.399387014,2.4748666286468506,484386.0,,1.0,0.900390625,83.94309227000008,0.0,0.013166394039051543,0.900390625,,0.0002693883309954496,47.0,0.900390625,0.875,6.377616943000021,80.1956729888916,82.0625,83.94309227000008,313.0,0.0006386024768289644,1e-06,0.15633355577786764,864.00390625,,0.001,-2.4748666286468506,484386.0,2.4748666286468506,0.0,
,,1.0,5939.40374136487,0.21496695280075073,479941.0,,6.067595529000073,841.6659528907923,5755304.0,2.505859375,0.912109375,0.18615800142288208,0.04832277586828395,45.0474440009998,479941.0,-0.003723175497725606,23.192081373000065,2.222698072805139,479941.0,0.0036820223134371543,0.484375,36.072540283203125,5.444444444444445,105.9609375,0.912109375,,,0.0,314,1779661993.1512432,479941.0,,0.0,1024.0,0.00024308526673083743,857.134765625,0.912109375,0.912109375,324.0,0.11666658600006485,0.0,,131.0,0.0,1017.6666666666666,,-2.4748666286468506,,0.10264813958432506,-0.003723175497725606,1668.748370487,2.4748666286468506,479941.0,,1.0,0.912109375,80.8062594999999,0.0,0.01326329250053635,0.912109375,,-1.3717400443349635e-05,47.0,0.912109375,0.859375,6.365597865999916,80.1956729888916,80.25,80.8062594999999,314.0,0.0002517745648923841,1e-06,0.16315688144776128,857.134765625,,0.001,-2.4748666286468506,479941.0,2.4748666286468506,0.0,
,,1.0,6076.377131295372,0.33016979694366455,481398.0,,6.164826774999938,848.7623966942149,6194157.0,2.2265625,0.9453125,0.1498207300901413,0.048841932953606025,43.0109565140001,481398.0,-0.0031720679253339767,23.512408840000035,2.144628099173554,481398.0,0.0031446610246935198,0.435546875,36.07016372680664,3.642857142857143,105.9609375,0.9453125,,,0.0,315,1779662072.5002823,481398.0,,0.0,1024.0,0.00023806599736620048,857.80859375,0.9453125,0.9453125,303.0,0.11460449500009418,0.0,,151.0,0.0,1014.1785714285714,,-2.4748666286468506,,0.09793067480726256,-0.0031720679253339767,1746.277662344,1.6201815605163574,481398.0,,1.0,0.9453125,79.22450986800004,0.0,0.01330435606919826,0.9453125,,0.00011951396790678817,51.0,0.9453125,0.828125,6.404690402999904,80.1956729888916,82.421875,79.22450986800004,315.0,0.0004964356475900258,1e-06,0.14958184813299485,857.80859375,,0.001,-2.4748666286468506,481398.0,1.6201815605163574,0.0,
,,1.0,6117.749200071032,0.2624794840812683,473547.0,,5.9627125340000475,837.3519313304721,6633355.0,2.248046875,0.91015625,0.1567724347114563,0.048457434873412544,42.09455005400014,473547.0,-0.004295739345252514,22.94687291199989,2.0944206008583692,473547.0,0.0040989030307779705,0.41796875,36.07452392578125,3.8043478260869565,105.9609375,0.91015625,,,0.0,316,1779662150.029356,473547.0,,0.0,1024.0,0.00024088190612563899,847.490234375,0.91015625,0.91015625,372.0,0.11406890400007796,0.0,,125.0,0.0,950.195652173913,,-2.4748666286468506,,0.09701105067582393,-0.004295739345252514,1823.674637307,2.4748666286468506,473547.0,,1.0,0.91015625,77.40542877999997,0.0,0.013241343765243926,0.91015625,,9.794781793364867e-05,48.0,0.91015625,0.828125,6.270398615999966,80.1956729888916,77.40625,77.40542877999997,316.0,0.0004723462208251779,1e-06,0.15575134456157685,847.490234375,,0.001,-2.4748666286468506,473547.0,2.4748666286468506,0.0,
,,1.0,6151.521423058221,0.1995311677455902,475343.0,,6.2870780989999275,833.6443514644351,7067270.0,2.421875,0.93359375,0.16199450194835663,0.04875717664086766,41.358232170000065,475343.0,-0.0017792033031582832,23.176382615999955,2.215481171548117,475343.0,0.0018222906083489457,0.412109375,36.07271194458008,5.323529411764706,105.9609375,0.93359375,,,0.0,317,1779662227.4265356,475343.0,,0.0,1024.0,0.00023875874263425234,843.919921875,0.93359375,0.93359375,280.0,0.11349229699999341,0.0,,156.0,0.0,988.3823529411765,,-2.4748666286468506,,0.0957173721264469,-0.0017792033031582832,1905.325030418,1.6201815605163574,475343.0,,1.0,0.93359375,77.27242860899992,0.0,0.01329614324603468,0.93359375,,5.743668464219809e-05,45.0,0.93359375,0.890625,6.320228618999863,80.1956729888916,84.484375,77.27242860899992,317.0,0.00030132467072689905,1e-06,0.15177012234926224,843.919921875,,0.001,-2.4748666286468506,475343.0,1.6201815605163574,0.0,
,,1.0,5906.021029556257,0.31090474128723145,481497.0,,6.111806864999835,838.6681415929204,7499357.0,2.302734375,0.8828125,0.168919175863266,0.04884790456222974,45.36846195699991,481497.0,-0.0002254338178317994,23.520119502999933,2.2146017699115044,481497.0,0.00033975510547558466,0.490234375,36.09797286987305,2.966666666666667,105.9609375,0.8828125,,,0.0,318,1779662309.0768878,481497.0,,0.0,1024.0,0.00023438744374328497,856.220703125,0.8828125,0.8828125,384.0,0.11285685100006049,0.0,,173.0,0.0,988.45,,-2.4748666286468506,,0.10348999613809758,-0.0002254338178317994,1983.869854453,2.4748666286468506,481497.0,,1.0,0.8828125,81.5264621629999,0.0,0.013285730804137627,0.8828125,,3.698564406325507e-05,50.0,0.8828125,0.828125,6.397039524999855,80.1956729888916,84.203125,81.5264621629999,318.0,0.0006023966920717309,1e-06,0.15460896790027617,856.220703125,,0.001,-2.4748666286468506,481497.0,2.4748666286468506,0.0,
,,1.0,6060.211818036702,0.24006648361682892,475174.0,,5.995689333999962,839.8283898305085,7937742.0,2.46875,0.921875,0.16506318747997284,0.04796856038840545,42.911340639999935,475174.0,-0.002169304294511676,22.79341271400017,2.3728813559322033,475174.0,0.0021011436280484,0.419921875,36.09968566894531,3.6,105.9609375,0.921875,,,0.0,319,1779662387.6217432,475174.0,,0.0,1024.0,0.0002407621839578352,847.60546875,0.921875,0.921875,279.0,0.11440392999998039,0.0,,196.0,0.0,939.375,,-2.4748666286468506,,0.09887998045965873,-0.002169304294511676,2062.749848674,1.6201815605163574,475174.0,,1.0,0.921875,78.40881049500013,0.0,0.013841592902810621,0.921875,,0.00014084410183083188,48.0,0.921875,0.90625,6.577165066000134,80.1956729888916,80.46875,78.40881049500013,319.0,0.0003317785184966245,1e-06,0.16385989834864934,847.60546875,,0.001,-2.4748666286468506,475174.0,1.6201815605163574,0.0,
,,1.0,6066.002440252274,0.30659547448158264,477741.0,,6.050002678000055,845.006072874494,8371716.0,2.583984375,0.96484375,0.1810116469860077,0.047916130288169066,43.354668130999926,477741.0,0.00018105162598658353,22.89150000000018,2.526315789473684,477741.0,9.684481968482335e-06,0.4140625,36.10281753540039,4.166666666666667,105.9609375,0.96484375,,,0.0,320,1779662466.501511,477741.0,,0.0,1024.0,0.00023711965269853752,849.634765625,0.96484375,0.96484375,355.0,0.113281779999852,0.0,,138.0,0.0,976.6666666666666,,-2.4748666286468506,,0.09966292531717426,0.00018105162598658353,2138.910534774,1.6201815605163574,477741.0,,1.0,0.96484375,78.75713943500023,2.3266094406911482e-06,0.013253531855126786,0.96484375,,-2.589032631779749e-05,49.0,0.96484375,0.875,6.331755562000126,80.1956729888916,83.453125,78.75713943500023,320.0,0.00043765645071592495,1e-06,0.1591596245765686,849.634765625,,0.001,-2.4748666286468506,477741.0,1.6201815605163574,0.0,
,,1.0,6178.430220884729,0.16711607575416565,469778.0,,5.9539606519997506,828.2186836518047,8806729.0,2.52734375,0.919921875,0.16198627650737762,0.04815476897598462,41.0390964989997,469778.0,-0.005044703837484121,22.622051060000103,2.4501061571125264,469778.0,0.0051911102297405405,0.396484375,36.1046028137207,3.4146341463414633,105.9609375,0.919921875,,,0.0,321,1779662542.6621149,469778.0,,0.0,1024.0,0.00024002350897653774,839.05078125,0.919921875,0.919921875,310.0,0.11275776399997994,0.0,,125.0,0.0,963.4878048780488,,-2.4748666286468506,,0.09552995735275563,-0.005044703837484121,2218.548873671,1.20761239528656,469778.0,,1.0,0.919921875,76.0351712659999,0.0,0.01338959911490131,0.919921875,,5.8088868945560536e-05,43.0,0.919921875,0.875,6.290139093000107,80.1956729888916,78.484375,76.0351712659999,321.0,0.00013678784380317667,1e-06,0.16646624008814495,839.05078125,,0.001,-2.4748666286468506,469778.0,1.20761239528656,0.0,
,,1.0,6005.210634546417,0.2846944034099579,477495.0,,6.061259338999662,840.0170212765958,9236323.0,2.4765625,0.91796875,0.15471915900707245,0.04820323237730228,43.87242815799982,477495.0,-0.0011386990081518888,23.01680244399995,2.3851063829787233,477495.0,0.0010852904679874579,0.451171875,36.072505950927734,3.5,105.9609375,0.91796875,,,0.0,322,1779662622.300752,477495.0,,0.0,1024.0,0.00024181698028266253,851.076171875,0.91796875,0.91796875,258.0,0.11546639900006994,0.0,,142.0,0.0,974.8333333333334,,-2.4748666286468506,,0.10068233499865707,-0.0011386990081518888,2299.037879173,2.4748666286468506,477495.0,,1.0,0.91796875,79.51344741399998,0.0,0.013467507190651345,0.91796875,,7.60615526814945e-05,57.0,0.91796875,0.8125,6.430667346000064,80.1956729888916,81.53125,79.51344741399998,322.0,0.0006101028586272151,1e-06,0.1579603428641955,851.076171875,,0.001,-2.4748666286468506,477495.0,2.4748666286468506,0.0,
,,1.0,6005.928164889659,0.24596738815307617,482651.0,,6.419098942999881,846.9410526315789,9672074.0,2.548828125,0.927734375,0.19238613545894623,0.048417963938746963,44.041698689999976,482651.0,-0.002165282843634486,23.36897871300016,2.488421052631579,482651.0,0.0021548858803726034,0.43359375,36.09918212890625,3.324324324324324,105.9609375,0.927734375,,,0.0,323,1779662702.7897384,482651.0,,0.0,1024.0,0.0002382528472953544,854.677734375,0.927734375,0.927734375,296.0,0.11499297499995009,0.0,,165.0,0.0,954.0,,-2.4748666286468506,,0.10064488554485307,-0.002165282843634486,2377.683306278,2.4748666286468506,482651.0,,1.0,0.927734375,80.3624330409998,0.0,0.013260227191076288,0.927734375,,6.97889502362159e-05,47.0,0.927734375,0.90625,6.400061914000162,80.1956729888916,88.0,80.3624330409998,323.0,0.00038690122916401983,1e-06,0.16042292763789495,854.677734375,,0.001,-2.4748666286468506,482651.0,2.4748666286468506,0.0,
,,1.0,6055.351935388301,0.16218596696853638,475466.0,,5.980698320000101,841.1833333333333,10109669.0,2.61328125,0.9375,0.17771601676940918,0.04849772474582836,43.03110941900013,475466.0,-0.0017470803577452898,23.05901919400003,2.5166666666666666,475466.0,0.0018022043630480766,0.400390625,36.096824645996094,4.0625,105.9609375,0.9375,,,0.0,324,1779662781.4351172,475466.0,,0.0,1024.0,0.0002400713174019119,847.51953125,0.9375,0.9375,298.0,0.11414574899981744,0.0,,132.0,0.0,942.5625,,-2.4748666286468506,,0.09916601622151068,-0.0017470803577452898,2455.229578929,0.7245674133300781,475466.0,,1.0,0.9375,78.51996136199978,0.0,0.013285923494003838,0.9375,,0.00013795490619183208,50.0,0.9375,0.921875,6.317004900000029,80.1956729888916,81.125,78.51996136199978,324.0,0.0001147848980811735,1e-06,0.16349642674128215,847.51953125,,0.001,-2.4748666286468506,475466.0,0.7245674133300781,0.0,
,,1.0,6185.7091751779035,0.00750893447548151,478902.0,,6.343395417000011,838.6602564102565,10543599.0,2.57421875,0.9140625,0.16424912214279175,0.047912556452050475,41.650352863999615,478902.0,-0.00011565172462724149,22.945419109999875,2.4444444444444446,478902.0,6.739934906363487e-05,0.3984375,36.09815979003906,3.9545454545454546,105.9609375,0.9140625,,,0.0,325,1779662858.9815335,478902.0,,0.0,1024.0,0.00023420258006794133,850.77734375,0.9140625,0.9140625,394.0,0.11216008399969724,0.0,,148.0,0.0,979.6590909090909,,-2.4748666286468506,,0.09561649241731968,-0.00011565172462724149,2537.404968282,1.6201815605163574,478902.0,,1.0,0.9140625,77.42071061500019,0.0,0.013263969782962223,0.9140625,,5.608080388507612e-05,51.0,0.9140625,0.9375,6.352141657000175,80.1956729888916,84.578125,77.42071061500019,325.0,2.257591161954527e-06,1e-06,0.1583218236764272,850.77734375,,0.001,-2.4748666286468506,478902.0,1.6201815605163574,0.0,
,,1.0,5885.581724642929,0.29228639602661133,482912.0,,6.159223419999762,856.3227848101266,10979197.0,2.462890625,0.92578125,0.1538214087486267,0.04861288679925129,45.8435264499999,482912.0,0.003567792708054185,23.47574639000004,2.345991561181435,482912.0,-0.003591065910101558,0.421875,36.0992546081543,3.9210526315789473,105.9609375,0.92578125,,,0.0,326,1779662941.1568742,482912.0,,0.0,1024.0,0.00023812387971318963,861.859375,0.92578125,0.92578125,291.0,0.11499287900005584,0.0,,149.0,0.0,930.921052631579,,-2.4748666286468506,,0.10388949774742087,0.003567792708054185,2614.950513526,2.4748666286468506,482912.0,,1.0,0.92578125,82.05000331200017,0.0,0.013330314647388833,0.92578125,,3.506507590979406e-05,50.0,0.92578125,0.875,6.437368906999836,80.1956729888916,81.328125,82.05000331200017,326.0,0.0004286068113287911,1e-06,0.15125770171483358,861.859375,,0.001,-2.4748666286468506,482912.0,2.4748666286468506,0.0,
,,1.0,6088.69935654603,0.2398422360420227,471268.0,,5.931954580000365,826.5814977973569,11420469.0,2.640625,0.88671875,0.17345313727855682,0.04874493849783976,42.15412240600017,471268.0,0.000988231273368001,22.971929675999945,2.449339207048458,471268.0,-0.0010101856663823129,0.3984375,36.073143005371094,4.137931034482759,105.9609375,0.88671875,,,0.0,327,1779663018.7023113,471268.0,,0.0,1024.0,0.00023890354745098092,839.8359375,0.88671875,0.88671875,346.0,0.11258759700012888,0.0,,195.0,0.0,943.5862068965517,,-2.4748666286468506,,0.09803375474655618,0.000988231273368001,2692.189221747,2.4748666286468506,471268.0,,1.0,0.88671875,77.400438485,2.310002309968695e-06,0.01317994327431516,0.88671875,,6.310892252561947e-05,46.0,0.88671875,0.84375,6.211285506999957,80.1956729888916,80.609375,77.400438485,327.0,0.00028230877918152447,1e-06,0.16432755986849468,839.8359375,,0.001,-2.4748666286468506,471268.0,2.4748666286468506,0.0,
,,1.0,6151.1958132679365,0.26937535405158997,474339.0,,5.96938751100015,834.186974789916,11850465.0,2.6015625,0.9296875,0.18688374757766724,0.04804528994664102,41.97557003599968,474339.0,-0.004353072959929705,22.789754787999755,2.5063025210084033,474339.0,0.004432713954399029,0.359375,36.09974670410156,3.861111111111111,105.9609375,0.9296875,,,0.0,328,1779663095.9410934,474339.0,,0.0,1024.0,0.00024202408825715565,845.302734375,0.9296875,0.9296875,348.0,0.11480146399981095,0.0,,174.0,0.0,992.2777777777778,,-2.4748666286468506,,0.09698718801279979,-0.004353072959929705,2775.751907094,1.6201815605163574,474339.0,,1.0,0.9296875,77.11329868200028,0.0,0.013168185304181856,0.9296875,,4.8610377082998944e-05,52.0,0.9296875,0.796875,6.246183849000317,80.1956729888916,81.140625,77.11329868200028,328.0,0.0003267135769419838,1e-06,0.15686842997868855,845.302734375,,0.001,-2.4748666286468506,474339.0,1.6201815605163574,0.0,
,,1.0,5978.9244635887,0.13525564968585968,498860.0,,6.276270514000316,877.6333333333333,12283260.0,2.5546875,0.9375,0.15448278188705444,0.04869954611714723,46.09552718699979,498860.0,-0.0015511419624090195,24.29425557600007,2.495833333333333,498860.0,0.0015285464032785967,0.451171875,36.09878158569336,3.4375,105.9609375,0.9375,,,0.0,329,1779663179.503794,498860.0,,0.0,1024.0,0.00023300356813529103,886.3671875,0.9375,0.9375,427.0,0.11623615999997128,0.0,,137.0,0.0,1017.375,,-2.4748666286468506,,0.10157226915296767,-0.0015511419624090195,2852.340221724,2.4748666286468506,498860.0,,1.0,0.9375,83.43641118699998,0.0,0.013303427394459158,0.9375,,-3.045665607714909e-06,55.0,0.9375,0.875,6.636547789999895,80.1956729888916,87.96875,83.43641118699998,329.0,0.00017326443844467576,1e-06,0.1504937675781548,886.3671875,,0.001,-2.4748666286468506,498860.0,2.4748666286468506,0.0,
,,1.0,6085.7078345643085,0.3026960492134094,465350.0,,5.926267457999984,819.6680327868852,12737080.0,2.48828125,0.953125,0.1547153890132904,0.04798999557752196,41.8775934790001,465350.0,-0.002788137411698699,22.332144441999844,2.4549180327868854,465350.0,0.0028027558763479366,0.359375,36.0787239074707,3.1666666666666665,105.9609375,0.953125,,,0.0,330,1779663256.0921283,465350.0,,0.0,1024.0,0.0002469382292894041,829.02734375,0.953125,0.953125,391.0,0.1149127049998242,0.0,,148.0,0.0,1019.3333333333334,,-2.4748666286468506,,0.0986604065358032,-0.002788137411698699,2932.935948246,2.4748666286468506,465350.0,,1.0,0.953125,76.46604349900008,0.0,0.013316207594283818,0.953125,,1.331331651303556e-05,54.0,0.953125,0.890625,6.196697203999975,80.2942385673523,79.859375,76.46604349900008,330.0,0.0003171217623307241,1e-06,0.1589355124481793,829.02734375,,0.001,-2.4748666286468506,465350.0,2.4748666286468506,0.0,
,,1.0,5992.137410241103,0.20389637351036072,482176.0,,6.120363044999976,857.1924686192468,13161542.0,2.48046875,0.93359375,0.1741197109222412,0.04806249132681839,44.62970546999986,482176.0,-0.0027772190514951944,23.174579817999984,2.403765690376569,482176.0,0.0028201253386214375,0.400390625,36.10731506347656,3.5588235294117645,105.9609375,0.93359375,,,0.0,331,1779663336.6878195,482176.0,,0.0,1024.0,0.00023835949114006777,861.671875,0.93359375,0.93359375,307.0,0.11493122599995331,0.0,,136.0,0.0,924.6470588235294,,-2.4748666286468506,,0.10116077363682491,-0.0027772190514951944,3009.56929448,1.20761239528656,482176.0,,1.0,0.93359375,80.46811462899996,0.0,0.013294736453078732,0.93359375,,7.194510110745493e-05,51.0,0.93359375,0.90625,6.410402843999691,80.2942385673523,80.078125,80.46811462899996,331.0,0.00025442776823183524,1e-06,0.15300538390874863,861.671875,,0.001,-2.4748666286468506,482176.0,1.20761239528656,0.0,
,,1.0,6154.09664364327,0.2837698459625244,470852.0,,6.020108258999699,830.2813765182186,13602718.0,2.41796875,0.96484375,0.16834817826747894,0.047861015771409596,41.607045925999955,470852.0,-0.0029781372286379337,22.53545499799975,2.3704453441295548,470852.0,0.003034944987545411,0.37109375,36.10233688354492,3.7222222222222223,105.9609375,0.96484375,,,0.0,332,1779663413.3212361,470852.0,,0.0,1024.0,0.00024027842719221855,836.5078125,0.96484375,0.96484375,351.0,0.11313557800031049,0.0,,147.0,0.0,1007.3888888888889,,-2.4748666286468506,,0.09714644664387836,-0.0029781372286379337,3086.901113982,0.7245674133300781,470852.0,,1.0,0.96484375,76.51033567800005,0.0,0.01320573486785733,0.96484375,,6.00811472395435e-05,48.0,0.96484375,0.921875,6.217946674000359,80.2942385673523,83.125,76.51033567800005,332.0,0.0003479578629291306,1e-06,0.1558534135421117,836.5078125,,0.001,-2.4748666286468506,470852.0,0.7245674133300781,0.0,
,,1.0,6135.504064790662,0.2271198034286499,473705.0,,5.923313099000097,837.6058091286307,14031010.0,2.443359375,0.94140625,0.17924614250659943,0.04806641126861651,42.160907011999825,473705.0,-0.001590790576301515,22.769299349999983,2.3692946058091287,473705.0,0.0016218368449093152,0.34375,36.09902572631836,3.6333333333333333,105.9609375,0.94140625,,,0.0,333,1779663490.6529403,473705.0,,0.0,1024.0,0.00023988729061386976,846.283203125,0.94140625,0.94140625,265.0,0.11363580900024317,0.0,,142.0,0.0,985.7,,-2.4748666286468506,,0.09730255924227452,-0.001590790576301515,3164.460351905,2.4748666286468506,473705.0,,1.0,0.94140625,77.20718542400027,0.0,0.013134245914651722,0.94140625,,4.330068781221996e-05,46.0,0.94140625,0.828125,6.221757961000094,80.2942385673523,78.921875,77.20718542400027,333.0,0.0003126117265007148,1e-06,0.1529859518011411,846.283203125,,0.001,-2.4748666286468506,473705.0,2.4748666286468506,0.0,
,,1.0,6063.988835077159,0.259250283241272,469575.0,,5.903421116000118,829.3866943866943,14464307.0,2.298828125,0.939453125,0.16562211513519287,0.04858854494809078,42.38692754199974,469575.0,-0.0032566976733505726,22.815965993999725,2.2577962577962576,469575.0,0.003399731529255708,0.373046875,36.06705856323242,2.935483870967742,105.9609375,0.939453125,,,0.0,334,1779663568.212085,469575.0,,0.0,1024.0,0.0002460074535484711,834.216796875,0.939453125,0.939453125,355.0,0.11551895000002332,0.0,,191.0,0.0,909.1612903225806,,-2.4748666286468506,,0.09923915241888032,-0.0032566976733505726,3242.329833163,1.6201815605163574,469575.0,,1.0,0.939453125,77.4366531290002,0.0,0.01319532053878489,0.939453125,,2.2136747732777926e-05,44.0,0.939453125,0.90625,6.1961926419999145,80.2942385673523,82.921875,77.4366531290002,334.0,0.0003072897670790553,1e-06,0.1493274211883545,834.216796875,,0.001,-2.4748666286468506,469575.0,1.6201815605163574,0.0,
,,1.0,6125.869867702098,0.2585912048816681,476224.0,,5.9843097289999605,838.1446808510639,14891426.0,2.59375,0.91796875,0.17537908256053925,0.04801382568707141,42.45127137700001,476224.0,-0.004945923574268818,22.865336123999896,2.5361702127659576,476224.0,0.005087855324381963,0.35546875,36.09577178955078,3.238095238095238,105.9609375,0.91796875,,,0.0,335,1779663646.0817187,476224.0,,0.0,1024.0,0.00024321895368574207,845.609375,0.91796875,0.91796875,400.0,0.11582670300003883,0.0,,142.0,0.0,929.1428571428571,,-2.4748666286468506,,0.09805075707468729,-0.004945923574268818,3318.604677833,2.4748666286468506,476224.0,,1.0,0.91796875,77.73981659500032,0.0,0.013240251054125017,0.91796875,,9.024234868775239e-05,53.0,0.91796875,0.859375,6.305325317999632,80.2942385673523,84.515625,77.73981659500032,335.0,0.0003300047833666516,1e-06,0.1467699021100998,845.609375,,0.001,-2.4748666286468506,476224.0,2.4748666286468506,0.0,
,,1.0,6156.581319906293,0.1574074625968933,468842.0,,5.941964826000003,819.7356076759062,15324378.0,2.380859375,0.916015625,0.17036421597003937,0.04815440781969222,40.98033677600006,468842.0,-0.00016055577725637704,22.57680887100014,2.275053304904051,468842.0,0.0001173418868953983,0.376953125,36.09447479248047,3.5348837209302326,105.9609375,0.916015625,,,0.0,336,1779663722.3564208,468842.0,,0.0,1024.0,0.00024062575451877727,831.84765625,0.916015625,0.916015625,318.0,0.11281546000009257,0.0,,149.0,0.0,963.953488372093,,-2.4748666286468506,,0.0962192051203788,-0.00016055577725637704,3389.381508542,1.6201815605163574,468842.0,,1.0,0.916015625,76.152977706,0.0,0.01391364334893294,0.916015625,,0.00019118271178134212,44.0,0.916015625,0.9375,6.523300375000417,80.2942385673523,83.859375,76.152977706,336.0,0.00015198454178365258,1e-06,0.14925231983264287,831.84765625,,0.001,-2.4748666286468506,468842.0,1.6201815605163574,0.0,
,,1.0,6435.500945053059,0.16539059579372406,454618.0,,6.032545447000302,797.9751037344398,15750284.0,2.140625,0.94140625,0.16670410335063934,0.048430428080277886,36.471416082999895,454618.0,-0.0024312615860253572,22.01734435299977,2.099585062240664,454618.0,0.0023223667438807233,0.2890625,36.070770263671875,2.8,105.9609375,0.94140625,,,0.0,337,1779663793.1334178,454618.0,,0.0,1024.0,0.00024476476074405484,808.06640625,0.94140625,0.94140625,290.0,0.11127446599994073,0.0,,181.0,0.0,970.2,,-2.4748666286468506,,0.08815269882048654,-0.0024312615860253572,3463.501062718,1.20761239528656,454618.0,,1.0,0.94140625,70.64220856800011,0.0,0.013179091903532282,0.94140625,,0.00011647548321239551,49.0,0.94140625,0.90625,5.991452403000039,80.2942385673523,79.859375,70.64220856800011,337.0,0.00018705125226655843,1e-06,0.14502323312418802,808.06640625,,0.001,-2.4748666286468506,454618.0,1.20761239528656,0.0,
,,1.0,6252.328563647298,0.323932409286499,462662.0,,5.987992926000061,806.0987394957983,16164014.0,2.23828125,0.9296875,0.18028230965137482,0.048778319874984044,39.146656255999915,462662.0,-0.005179492756724358,22.56787502999987,2.1638655462184873,462662.0,0.005161178670823574,0.291015625,36.142940521240234,3.2222222222222223,105.9609375,0.9296875,,,0.0,338,1779663867.252941,462662.0,,0.0,1024.0,0.00025387376745904776,818.87109375,0.9296875,0.9296875,348.0,0.11745774500013795,0.0,,150.0,0.0,987.75,,-2.4748666286468506,,0.09337038953208236,-0.005179492756724358,3537.117863795,1.6201815605163574,462662.0,,1.0,0.9296875,73.99835042099994,0.0,0.013313332376551518,0.9296875,,0.00017292086655894915,51.0,0.9296875,0.859375,6.159572984000079,80.2942385673523,84.765625,73.99835042099994,338.0,0.0005190104939780819,1e-06,0.14187880183259646,818.87109375,,0.001,-2.4748666286468506,462662.0,1.6201815605163574,0.0,
,,1.0,6300.104941169383,0.2293800413608551,463033.0,,5.888632248000249,808.1204301075269,16583276.0,2.203125,0.908203125,0.14780724048614502,0.04847745107800124,38.89625464799974,463033.0,-0.0056745270267128944,22.44665960500015,2.075268817204301,463033.0,0.005781806379171281,0.345703125,36.08351516723633,3.4680851063829787,105.9609375,0.908203125,,,0.0,339,1779663940.8696666,463033.0,,0.0,1024.0,0.00024469733906705405,823.689453125,0.908203125,0.908203125,300.0,0.11330294300023525,0.0,,146.0,0.0,977.7234042553191,,-2.4748666286468506,,0.09223044810292805,-0.0056745270267128944,3609.901177628,2.4748666286468506,463033.0,,1.0,0.908203125,73.49607733899984,0.0,0.013246579343157764,0.908203125,,0.00011519326713776787,49.0,0.908203125,0.828125,6.133603373000369,80.2942385673523,80.671875,73.49607733899984,339.0,0.00026559820579332783,1e-06,0.1421055331312377,823.689453125,,0.001,-2.4748666286468506,463033.0,2.4748666286468506,0.0,
,,1.0,6239.746849684547,0.2405277043581009,453388.0,,5.69759738599987,795.768115942029,17005005.0,2.2734375,0.943359375,0.17883212864398956,0.04869388396031594,38.79142261300012,453388.0,-0.0014982451684772968,22.077222660999723,2.246376811594203,453388.0,0.0013971575535833836,0.279296875,36.0926399230957,2.7241379310344827,105.9609375,0.943359375,,,0.0,340,1779664013.6529527,453388.0,,0.0,1024.0,0.00024351140083043722,804.9296875,0.943359375,0.943359375,315.0,0.11040514699971027,0.0,,135.0,0.0,957.5172413793103,,-2.4748666286468506,,0.09412560931418729,-0.0014982451684772968,3685.153155492,1.20761239528656,453388.0,,1.0,0.943359375,72.66128112599972,0.0,0.013160466463602779,0.943359375,,0.00016926439267958164,52.0,0.943359375,0.828125,5.966797568999937,80.2942385673523,80.59375,72.66128112599972,340.0,0.0003126984218917122,1e-06,0.14041376459811414,804.9296875,,0.001,-2.4748666286468506,453388.0,1.20761239528656,0.0,
,,1.0,6186.132919109423,0.3073652982711792,464645.0,,5.887534993000372,810.363436123348,17417129.0,2.115234375,0.88671875,0.1726650595664978,0.04877956569208718,40.26833732099976,464645.0,-0.0023498127702623606,22.665181300999848,2.052863436123348,464645.0,0.0024432219564914704,0.259765625,36.057151794433594,2.603448275862069,105.9609375,0.88671875,,,0.0,341,1779664088.904937,464645.0,,0.0,1024.0,0.00024391326496639988,822.587890625,0.88671875,0.88671875,346.0,0.11333307900031286,0.0,,154.0,0.0,918.2758620689655,,-2.4748666286468506,,0.09561178474232133,-0.0023498127702623606,3762.893597722,2.4748666286468506,464645.0,,1.0,0.88671875,75.1107365580001,0.0,0.013244375241312575,0.88671875,,-1.868056666959698e-05,54.0,0.88671875,0.828125,6.153932733999682,80.2942385673523,84.921875,75.1107365580001,341.0,0.0006268095186290642,1e-06,0.1421098137895266,822.587890625,,0.001,-2.4748666286468506,464645.0,2.4748666286468506,0.0,
,,1.0,5921.35829112145,0.24458478391170502,459595.0,,5.834425128000021,804.6188436830835,17838294.0,2.126953125,0.912109375,0.15551874041557312,0.047928050122390174,43.519164761999946,459595.0,-0.0034512444399297237,22.027492195999912,1.9336188436830835,459595.0,0.003450705286703506,0.28125,36.05992889404297,4.133333333333334,105.9609375,0.912109375,,,0.0,342,1779664166.6452181,459595.0,,0.0,1024.0,0.000252171635897224,813.240234375,0.912109375,0.912109375,296.0,0.11589682300018467,0.0,,147.0,0.0,902.7111111111111,,-2.4748666286468506,,0.10451815476284813,-0.0034512444399297237,3829.789828295,2.4748666286468506,459595.0,,1.0,0.912109375,77.61648213200033,0.0,0.013276186586015839,0.912109375,,0.00012939512951812377,52.0,0.912109375,0.84375,6.101668973999949,80.2942385673523,84.40625,77.61648213200033,342.0,0.00046916987801147306,1e-06,0.1422127629148549,813.240234375,,0.001,-2.4748666286468506,459595.0,2.4748666286468506,0.0,
,,1.0,6509.066970903261,0.2752286493778229,434558.0,,5.499209941000117,747.4935344827586,18254673.0,2.056640625,0.90625,0.1657838076353073,0.04787001050262576,34.57519326900001,434558.0,-0.004294129554182291,20.802296024000043,1.8987068965517242,434558.0,0.00429732884637175,0.22265625,36.060054779052734,3.5833333333333335,105.9609375,0.90625,,,0.0,343,1779664233.5415578,434558.0,,0.0,1024.0,0.00025292749874636426,770.26171875,0.90625,0.90625,317.0,0.10991166800022256,0.0,,156.0,0.0,990.3541666666666,,-2.4748666286468506,,0.0876710768686577,-0.004294129554182291,3903.940385112,2.4748666286468506,434558.0,,1.0,0.90625,66.7619494380001,0.0,0.013249709463409247,0.90625,,8.635077303417213e-05,51.0,0.90625,0.859375,5.7577672450001955,80.2942385673523,78.484375,66.7619494380001,343.0,0.0005505752245274683,1e-06,0.13893247368159117,770.26171875,,0.001,-2.4748666286468506,434558.0,2.4748666286468506,0.0,
,,1.0,6254.90532616299,0.2665446698665619,463044.0,,5.83732702899988,807.0788288288288,18649047.0,2.12109375,0.8671875,0.14705029129981995,0.04862962735290796,39.40369981599997,463044.0,-0.003792133880779147,22.517657167999914,1.9954954954954955,463044.0,0.003961286427260473,0.3046875,36.066463470458984,2.9411764705882355,105.9609375,0.8671875,,,0.0,344,1779664307.6922581,463044.0,,0.0,1024.0,0.00024142020196810294,821.8671875,0.8671875,0.8671875,294.0,0.11178817600011826,0.0,,133.0,0.0,918.4264705882352,,-2.4748666286468506,,0.09364086116788176,-0.003792133880779147,3974.712552304,2.4748666286468506,463044.0,,1.0,0.8671875,74.02893822600026,0.0,0.01326192990946866,0.8671875,,4.774619296297495e-05,45.0,0.8671875,0.78125,6.1408570730000065,80.2942385673523,82.515625,74.02893822600026,344.0,0.0003768112204350724,1e-06,0.13785435079500594,821.8671875,,0.001,-2.4748666286468506,463044.0,2.4748666286468506,0.0,
,,1.0,6368.477269596215,0.37471601366996765,449951.0,,5.672474661000251,768.870159453303,19069843.0,2.12109375,0.857421875,0.1505410373210907,0.04859280423868373,37.03035334800006,449951.0,-0.0018151062540709972,21.864380859999983,1.8542141230068336,449951.0,0.0018853040428125653,0.26953125,36.0882568359375,3.7260273972602738,105.9609375,0.857421875,,,0.0,345,1779664378.4644413,449951.0,,0.0,1024.0,0.00024612217774851186,797.435546875,0.857421875,0.857421875,330.0,0.11074292000012065,0.0,,145.0,0.0,969.2191780821918,,-2.4748666286468506,,0.09069687094617282,-0.0018151062540709972,4040.668978,2.4748666286468506,449951.0,,1.0,0.857421875,70.6528391249999,0.0,0.013239528477544726,0.857421875,,0.00017892526275004614,52.0,0.857421875,0.8125,5.957139077999727,80.2942385673523,81.375,70.6528391249999,345.0,0.001002200543960749,1e-06,0.14312800097054448,797.435546875,,0.001,-2.4748666286468506,449951.0,2.4748666286468506,0.0,
,,1.0,6616.307222590826,0.34323644638061523,435612.0,,5.47400208199997,749.7127882599581,19478130.0,1.810546875,0.931640625,0.15661484003067017,0.047832310767379864,33.65769416100011,435612.0,-0.0029053206089884043,20.836328557999877,1.670859538784067,435612.0,0.0030540046334083725,0.236328125,36.13932418823242,3.7142857142857144,105.9609375,0.931640625,,,0.0,346,1779664444.420891,435612.0,,0.0,1024.0,0.00024807787893758534,768.2734375,0.931640625,0.931640625,305.0,0.10806570099975943,0.0,,156.0,0.0,1021.2285714285714,,-2.4748666286468506,,0.0855654779919465,-0.0029053206089884043,4108.072538057,2.4748666286468506,435612.0,,1.0,0.931640625,65.83914339900048,0.0,0.013189256370347928,0.931640625,,0.00023508944156804188,55.0,0.931640625,0.84375,5.745398346000002,80.2942385673523,82.53125,65.83914339900048,346.0,0.0008539747910357878,1e-06,0.13454474535371577,768.2734375,,0.001,-2.4748666286468506,435612.0,2.4748666286468506,0.0,
,,1.0,6559.468254813217,0.18767525255680084,441373.0,,5.530854354000439,759.8382978723404,19871486.0,1.962890625,0.91796875,0.15171383321285248,0.047893236183454264,34.68628091000028,441373.0,-0.002603985834866762,21.13878133399976,1.7936170212765958,441373.0,0.002518814373096185,0.228515625,36.07509994506836,3.857142857142857,105.9609375,0.91796875,,,0.0,347,1779664511.8243911,441373.0,,0.0,1024.0,0.00025055640014198794,778.462890625,0.91796875,0.91796875,364.0,0.11058882999986963,0.0,,169.0,0.0,986.8809523809524,,-2.4748666286468506,,0.08702616812980377,-0.002603985834866762,4181.612334235,2.4748666286468506,441373.0,,1.0,0.91796875,67.2879237850002,0.0,0.013149782417590981,0.91796875,,0.00013925005792511262,45.0,0.91796875,0.875,5.803958914999384,80.2942385673523,83.59375,67.2879237850002,347.0,0.0003238226080221856,1e-06,0.14413310826889106,778.462890625,,0.001,-2.4748666286468506,441373.0,2.4748666286468506,0.0,
,,1.0,6273.633429945708,0.18502368032932281,460606.0,,5.850886791999983,784.85,20270059.0,1.916015625,0.859375,0.15033628046512604,0.0480287042700282,39.20441877199937,460606.0,-0.0008546242024749517,22.12230935900061,1.690909090909091,460606.0,0.0007437469115569096,0.287109375,36.069740295410156,3.2916666666666665,105.9609375,0.859375,,,0.0,348,1779664585.3642144,460606.0,,0.0,1024.0,0.00024366983061330854,813.68359375,0.859375,0.859375,257.0,0.11223578599947359,0.0,,211.0,0.0,989.8888888888889,,-2.4748666286468506,,0.09410430663984526,-0.0008546242024749517,4253.769457512,2.4748666286468506,460606.0,,1.0,0.859375,73.4193358829998,0.0,0.01326991949735732,0.859375,,1.9274574685431586e-05,51.0,0.859375,0.90625,6.112204539999766,80.2942385673523,85.9375,73.4193358829998,348.0,0.00019976997282356024,1e-06,0.13799982338116087,813.68359375,,0.001,-2.4748666286468506,460606.0,2.4748666286468506,0.0,
,,1.0,6326.684377894333,0.2674379348754883,449885.0,,5.7020646850005505,776.1709401709402,20686665.0,1.80859375,0.9140625,0.13767847418785095,0.0479515797192617,37.70486244299991,449885.0,-0.003396550891920924,21.57269644200005,1.670940170940171,449885.0,0.003338608025972332,0.189453125,36.17337417602539,3.272727272727273,105.9609375,0.9140625,,,0.0,349,1779664657.5201893,449885.0,,0.0,1024.0,0.00025836049657212745,793.541015625,0.9140625,0.9140625,394.0,0.11623251200035156,0.0,,133.0,0.0,978.2954545454545,,-2.4748666286468506,,0.09280214634020253,-0.003396550891920924,4318.275864774,2.4748666286468506,449885.0,,1.0,0.9140625,71.10912653899959,0.0,0.013296601271436283,0.9140625,,7.038692163925069e-05,57.0,0.9140625,0.875,5.981941463000112,80.2942385673523,85.140625,71.10912653899959,349.0,0.00020215437299546984,1e-06,0.1327644945787532,793.541015625,,0.001,-2.4748666286468506,449885.0,2.4748666286468506,0.0,
,,1.0,6685.552164031226,0.2664056420326233,430428.0,,5.446965666000324,753.1239316239316,21092958.0,1.72265625,0.9140625,0.15731120109558105,0.04795717195442736,32.45480925400079,430428.0,0.002598598599433899,20.64210961000026,1.6474358974358974,430428.0,-0.0025958008374328966,0.20703125,36.178462982177734,2.522727272727273,105.9609375,0.9140625,,,0.0,350,1779664722.0277693,430428.0,,0.0,1024.0,0.0002539642867099062,761.1015625,0.9140625,0.9140625,309.0,0.1093133399999715,0.0,,138.0,0.0,845.9545454545455,,-2.4748666286468506,,0.08328494178360105,0.002598598599433899,4385.902144328,1.20761239528656,430428.0,,1.0,0.9140625,64.38181760299994,0.0,0.01326978973254652,0.9140625,,2.321156168829088e-05,47.0,0.9140625,0.90625,5.711689055000534,80.2942385673523,79.578125,64.38181760299994,350.0,0.0003086891123934442,1e-06,0.13342815444425302,761.1015625,,0.001,-2.4748666286468506,430428.0,1.20761239528656,0.0,
,,1.0,6404.312564626864,0.28533419966697693,432320.0,,5.491578737999589,743.7436974789916,21482642.0,1.63671875,0.9296875,0.16725288331508636,0.04845681984872282,35.17993373100035,432320.0,-0.001138465479016304,20.94885235699985,1.5483193277310925,432320.0,0.0012707709576244707,0.181640625,36.17351531982422,2.8055555555555554,105.9609375,0.9296875,,,0.0,351,1779664789.653853,432320.0,,0.0,1024.0,0.000257112828459031,760.0625,0.9296875,0.9296875,330.0,0.1111550179994083,0.0,,162.0,0.0,975.8333333333334,,-2.4748666286468506,,0.0904015236488579,-0.001138465479016304,4456.180585048,2.4748666286468506,432320.0,,1.0,0.9296875,67.50451287900069,0.0,0.013311969890357347,0.9296875,,4.549566791764745e-05,46.0,0.9296875,0.890625,5.755030822999288,80.2942385673523,84.3125,67.50451287900069,351.0,0.00048117580418302505,1e-06,0.13092312906627301,760.0625,,0.001,-2.4748666286468506,432320.0,2.4748666286468506,0.0,
,,1.0,6312.7607573615405,0.31560078263282776,442903.0,,5.583798517999639,766.5595744680851,21871794.0,1.734375,0.91796875,0.15067657828330994,0.04788042779118508,37.3733539269997,442903.0,0.0005584255559369922,21.206385109999246,1.6404255319148937,442903.0,-0.00042891252970938306,0.1953125,36.17437744140625,2.7857142857142856,105.9609375,0.91796875,,,0.0,352,1779664859.93255,442903.0,,0.0,1024.0,0.0002462509782044559,779.904296875,0.91796875,0.91796875,283.0,0.10906529699968814,0.0,,181.0,0.0,929.2380952380952,,-2.4748666286468506,,0.09359460151861505,0.0005584255559369922,4523.065019059,2.4748666286468506,442903.0,,1.0,0.91796875,70.15995331100021,0.0,0.013247721243703403,0.91796875,,-8.62929748888876e-06,50.0,0.91796875,0.890625,5.8674554819999685,80.2942385673523,85.140625,70.15995331100021,352.0,0.0004412227218771087,1e-06,0.13475315246198857,779.904296875,,0.001,-2.4748666286468506,442903.0,2.4748666286468506,0.0,
,,1.0,6509.8631544336085,0.21036437153816223,434642.0,,5.5016105229997265,750.6334056399132,22271105.0,1.6953125,0.900390625,0.12790930271148682,0.048550207366062,34.27591748299983,434642.0,-0.0021042702719569206,21.10195922999992,1.594360086767896,434642.0,0.0021347483206126425,0.181640625,36.176456451416016,2.607843137254902,105.9609375,0.900390625,,,0.0,353,1779664926.8169498,434642.0,,0.0,1024.0,0.00024720242866490134,765.70703125,0.900390625,0.900390625,320.0,0.10744455799977004,0.0,,180.0,0.0,901.9607843137255,,-1.6201815605163574,,0.08742919759362473,-0.0021042702719569206,4589.277421055,1.20761239528656,434642.0,,1.0,0.900390625,66.76668766900002,0.0,0.013254154939005615,0.900390625,,-1.0499614172995617e-05,55.0,0.900390625,0.921875,5.760812410999279,80.2942385673523,83.203125,66.76668766900002,353.0,0.00018423891796609732,1e-06,0.13583462602562374,765.70703125,,0.001,-1.6201815605163574,434642.0,1.20761239528656,0.0,
,,1.0,6506.522476848123,0.2512938678264618,430052.0,,5.471074551000129,745.4517453798768,22663147.0,1.61328125,0.951171875,0.14265744388103485,0.047977045541003946,34.16745684499983,430052.0,-0.008248134516179562,20.63262438899983,1.5626283367556468,430052.0,0.008080665055396301,0.177734375,36.17828369140625,2.6,105.9609375,0.951171875,,,0.0,354,1779664993.029165,430052.0,,0.0,1024.0,0.00024827815240968963,758.2578125,0.951171875,0.951171875,314.0,0.10677251600009185,0.0,,165.0,0.0,1007.72,,-2.4748666286468506,,0.0880087393104048,-0.008248134516179562,4654.419954612,2.4748666286468506,430052.0,,1.0,0.951171875,66.09552207500019,0.0,0.013255836522096888,0.951171875,,1.1531402768533943e-05,50.0,0.951171875,0.890625,5.700699008000811,80.2942385673523,81.6875,66.09552207500019,354.0,0.00017832456485068957,1e-06,0.12957584857940674,758.2578125,,0.001,-2.4748666286468506,430052.0,2.4748666286468506,0.0,
,,1.0,6586.8618326830165,0.34068477153778076,428323.0,,5.391087465000055,737.0563674321503,23051375.0,1.494140625,0.935546875,0.1562676578760147,0.04788226321724548,33.05118041900005,428323.0,-0.0074037229642271996,20.509074628000235,1.3903966597077244,428323.0,0.007537147789089768,0.166015625,36.178504943847656,3.0,105.9609375,0.935546875,,,0.0,355,1779665058.171904,428323.0,,0.0,1024.0,0.00024981520721485066,753.865234375,0.935546875,0.935546875,327.0,0.10700159899988648,0.0,,168.0,0.0,997.8484848484849,,-2.4748666286468506,,0.08562947833690446,-0.0074037229642271996,4717.65238127,1.20761239528656,428323.0,,1.0,0.935546875,65.02686876999996,0.0,0.0138937648433545,0.935546875,,9.771233693232648e-05,50.0,0.935546875,0.875,5.95101903900013,80.2942385673523,82.703125,65.02686876999996,355.0,0.0004496551517621373,1e-06,0.1271356369058291,753.865234375,,0.001,-2.4748666286468506,428323.0,1.20761239528656,0.0,
,,1.0,6630.107684272408,0.2894662022590637,418475.0,,5.312731910000366,721.517094017094,23437354.0,1.5703125,0.9140625,0.15937867760658264,0.04879921536531491,31.71249011600048,418475.0,0.00017878079961519688,20.42125165000016,1.435897435897436,418475.0,-0.00011427862638676608,0.166015625,36.15066909790039,3.0,105.9609375,0.9140625,,,0.0,356,1779665121.4043639,418475.0,,0.0,1024.0,0.00025591486229824257,737.146484375,0.9140625,0.9140625,339.0,0.10709397200025705,0.0,,140.0,0.0,903.3863636363636,,-2.4748666286468506,,0.08402462545870897,0.00017878079961519688,4779.967330858,1.6201815605163574,418475.0,,1.0,0.9140625,63.11737605600047,0.0,0.013256588658820354,0.9140625,,-2.0506558131374833e-05,45.0,0.9140625,0.890625,5.547550938999848,80.2942385673523,80.1875,63.11737605600047,356.0,0.00034219795769011534,1e-06,0.13075508729175286,737.146484375,,0.001,-2.4748666286468506,418475.0,1.6201815605163574,0.0,
,,1.0,6518.411375773051,0.3597024977207184,405324.0,,5.129527566999968,700.0327198364008,23814773.0,1.765625,0.955078125,0.15359985828399658,0.04798494047724821,32.14227984199988,405324.0,-0.002657221397385001,19.449448014000154,1.6032719836400817,405324.0,0.002711522178008006,0.111328125,36.207515716552734,5.217391304347826,105.9609375,0.955078125,,,0.0,357,1779665183.7192316,405324.0,,0.0,1024.0,0.00025315938113732177,710.4609375,0.955078125,0.955078125,274.0,0.10261157300010382,0.0,,180.0,0.0,932.1739130434783,,-2.4748666286468506,,0.08836219840222534,-0.002657221397385001,4841.198021186,1.6201815605163574,405324.0,,1.0,0.955078125,62.181408419000036,0.0,0.0131745305829402,0.955078125,,6.508338775837238e-05,49.0,0.955078125,0.875,5.3399534339996535,80.2942385673523,81.1875,62.181408419000036,357.0,0.0006813580134453682,1e-06,0.13057290246853462,710.4609375,,0.001,-2.4748666286468506,405324.0,1.6201815605163574,0.0,
,,1.0,6638.662779784026,0.10397660732269287,405748.0,,5.388283162999869,703.3978947368421,24178529.0,1.37890625,0.927734375,0.14528027176856995,0.0477544900455462,30.8870343640001,405748.0,-0.003613973269239068,19.37628882700028,1.305263157894737,405748.0,0.00352812685072422,0.1015625,36.22869873046875,2.324324324324324,105.9609375,0.927734375,,,0.0,358,1779665244.949999,405748.0,,0.0,1024.0,0.00025359378974024324,712.2734375,0.927734375,0.927734375,327.0,0.10289517299952422,0.0,,142.0,0.0,826.2162162162163,,-1.6201815605163574,,0.08469533723442789,-0.003613973269239068,4903.15235381,1.6201815605163574,405748.0,,1.0,0.927734375,61.118935161999616,0.0,0.01317747549710636,0.927734375,,0.0001402691878973883,48.0,0.927734375,0.953125,5.346734327999911,80.2942385673523,80.203125,61.118935161999616,358.0,0.00018116804305464028,1e-06,0.12732394605875016,712.2734375,,0.001,-1.6201815605163574,405748.0,1.6201815605163574,0.0,
,,1.0,6460.190320355261,0.21594426035881042,399502.0,,5.035026784000365,695.9858870967741,24543213.0,1.099609375,0.96875,0.14008696377277374,0.04853619091018414,31.992635055999926,399502.0,-0.004548514261841774,19.390305341000385,1.0826612903225807,399502.0,0.004683520716543381,0.07421875,36.2286376953125,1.625,105.9609375,0.96875,,,0.0,359,1779665306.9041514,399502.0,,0.0,1024.0,0.0002540212164149414,704.32421875,0.96875,0.96875,349.0,0.10148198400020192,0.0,,117.0,0.0,962.8125,,-2.4748666286468506,,0.08871711873637719,-0.004548514261841774,4967.22941749,0.5400605201721191,399502.0,,1.0,0.96875,61.84059295299994,0.0,0.013278131153285562,0.96875,,0.00012091661948523743,54.0,0.96875,0.90625,5.304639951999889,80.2942385673523,75.953125,61.84059295299994,359.0,0.00017054166724287474,1e-06,0.11851358356384131,704.32421875,,0.001,-2.4748666286468506,399502.0,0.5400605201721191,0.0,
,,1.0,6439.540024158852,0.2548404037952423,411896.0,,5.22476910900059,709.5112474437627,24903827.0,1.203125,0.955078125,0.11745668202638626,0.04774488770223508,33.49143565600025,411896.0,-0.005740878637880087,19.66592826499982,1.0695296523517381,411896.0,0.005505408303668866,0.095703125,36.130409240722656,4.043478260869565,105.9609375,0.955078125,,,0.0,360,1779665370.981398,411896.0,,0.0,1024.0,0.0002528674981067598,722.078125,0.955078125,0.955078125,346.0,0.10415511100018193,0.0,,173.0,0.0,989.2608695652174,,-2.4748666286468506,,0.09058986555731138,-0.005740878637880087,5029.593076283,1.20761239528656,411896.0,,1.0,0.955078125,63.96357479800008,0.0,0.013239503690252523,0.955078125,,7.641564591792233e-05,52.0,0.955078125,0.875,5.453298612000253,80.2942385673523,82.40625,63.96357479800008,360.0,0.00031923807798123633,1e-06,0.12002751804315127,722.078125,,0.001,-2.4748666286468506,411896.0,1.20761239528656,0.0,
,,1.0,6628.847259225606,0.33459827303886414,412631.0,,5.313818574000834,705.006329113924,25273531.0,1.265625,0.92578125,0.14056046307086945,0.048629898136593,31.17349957999977,412631.0,-0.004863268230110407,20.066203498000505,1.1624472573839661,412631.0,0.004679765722427804,0.126953125,36.137542724609375,2.5526315789473686,105.9609375,0.92578125,,,0.0,361,1779665433.3448074,412631.0,,0.0,1024.0,0.0003237280184963197,721.935546875,0.92578125,0.92578125,262.0,0.1335802160001549,0.0,,143.0,0.0,933.1052631578947,,-2.4748666286468506,,0.08433681044068211,-0.004863268230110407,5093.721485751,2.4748666286468506,412631.0,,1.0,0.92578125,62.247776100999545,0.0,0.013435886957110324,0.92578125,,0.00010379645258441227,45.0,0.92578125,0.828125,5.54406347099939,80.2942385673523,83.984375,62.247776100999545,361.0,0.0005009918643806416,1e-06,0.12816303252027586,721.935546875,,0.001,-2.4748666286468506,412631.0,2.4748666286468506,0.0,
,,1.0,6592.399940584514,0.3116905391216278,421993.0,,5.3220732309991945,723.0109409190372,25643162.0,1.185546875,0.892578125,0.1284637153148651,0.04780834969300586,32.824827256999924,421993.0,-0.0012254819739609957,20.174788912000622,1.0962800875273524,421993.0,0.0013368045566258607,0.134765625,36.1845588684082,1.9272727272727272,105.9609375,0.892578125,,,0.0,362,1779665497.473441,421993.0,,0.0,1024.0,0.0002535211081699673,740.455078125,0.892578125,0.892578125,380.0,0.106984132999969,0.0,,149.0,0.0,885.4,,-2.4748666286468506,,0.08658322784235815,-0.0012254819739609957,5160.594221827,2.4748666286468506,421993.0,,1.0,0.892578125,64.01204474899987,0.0,0.013190125933368439,0.892578125,,0.00017912134840285203,46.0,0.892578125,0.84375,5.566140812999947,80.2942385673523,83.75,64.01204474899987,362.0,0.0005625913149237426,1e-06,0.12338130589988497,740.455078125,,0.001,-2.4748666286468506,421993.0,2.4748666286468506,0.0,
,,1.0,6409.596599626848,0.3008142411708832,427893.0,,5.38004451300003,732.5811965811965,26022275.0,1.2265625,0.9140625,0.13315719366073608,0.049057022818788425,34.51984388799974,427893.0,-0.004684099927544594,20.991156664999835,1.0833333333333333,427893.0,0.004968606727979258,0.169921875,36.151554107666016,2.75,105.9609375,0.9140625,,,0.0,363,1779665564.3462093,427893.0,,0.0,1024.0,0.0002555485319919633,750.244140625,0.9140625,0.9140625,358.0,0.10934742799963715,0.0,,185.0,0.0,938.1136363636364,,-2.4748666286468506,,0.08986617347998631,-0.004684099927544594,5225.053093032,2.4748666286468506,427893.0,,1.0,0.9140625,66.75817945000017,0.0,0.013411290923198375,0.9140625,,0.00010828821467191153,44.0,0.9140625,0.859375,5.738597507000122,80.2942385673523,85.484375,66.75817945000017,363.0,0.00045949150053611784,1e-06,0.12511802188776158,750.244140625,,0.001,-2.4748666286468506,427893.0,2.4748666286468506,0.0,
,,1.0,6604.643279385006,0.26644718647003174,424956.0,,5.363797941000485,718.114537444934,26406400.0,1.115234375,0.88671875,0.14721794426441193,0.04784349400643823,32.92460543800007,424956.0,-0.0004815596912521869,20.331379838999965,0.9647577092511013,424956.0,0.00044677128055439053,0.16796875,36.12908172607422,2.293103448275862,105.9609375,0.88671875,,,0.0,364,1779665628.805052,424956.0,,0.0,1024.0,0.00025289040512400934,746.9765625,0.88671875,0.88671875,251.0,0.1074672949998785,0.0,,162.0,0.0,972.8965517241379,,-2.4748666286468506,,0.08608820306339114,-0.0004815596912521869,5290.674734367,2.4748666286468506,424956.0,,1.0,0.88671875,64.34200637699996,0.0,0.013172687409990825,0.88671875,,0.00012964178892650157,53.0,0.88671875,0.90625,5.597812551000061,80.2942385673523,83.015625,64.34200637699996,364.0,0.00035995730825191086,1e-06,0.1235356358466325,746.9765625,,0.001,-2.4748666286468506,424956.0,2.4748666286468506,0.0,
,,1.0,6579.793119381298,0.290155827999115,430889.0,,5.4636675629999445,733.1070663811563,26788852.0,1.43359375,0.912109375,0.14369645714759827,0.04862243479875496,33.22340858200005,430889.0,-0.004517023451626301,20.950872308000726,1.2291220556745182,430889.0,0.004543909078670872,0.15234375,36.170875549316406,3.5555555555555554,105.9609375,0.912109375,,,0.0,365,1779665694.426671,430889.0,,0.0,1024.0,0.0002496419263447868,756.720703125,0.912109375,0.912109375,367.0,0.10756796000077884,0.0,,136.0,0.0,1001.7777777777778,,-2.4748666286468506,,0.0857508848624695,-0.004517023451626301,5358.940562081,2.4748666286468506,430889.0,,1.0,0.912109375,65.48670941199998,0.0,0.013283307383107774,0.912109375,,9.443726366598071e-05,52.0,0.912109375,0.828125,5.723631034999926,80.2942385673523,84.859375,65.48670941199998,365.0,0.0003929717996571627,1e-06,0.12721843327637072,756.720703125,,0.001,-2.4748666286468506,430889.0,2.4748666286468506,0.0,
,,1.0,6359.506472724279,0.2337704598903656,433369.0,,5.4919599790000575,740.2776572668113,27176293.0,1.189453125,0.900390625,0.13464003801345825,0.048065489548167764,35.62614157600001,433369.0,-0.007397815119475126,20.830093139999917,1.0390455531453362,433369.0,0.007368409989534744,0.150390625,36.24296188354492,2.549019607843137,105.9609375,0.900390625,,,0.0,366,1779665762.6920633,433369.0,,0.0,1024.0,0.00024814718865367487,762.408203125,0.900390625,0.900390625,338.0,0.10753929899965442,0.0,,190.0,0.0,962.4509803921569,,-2.4748666286468506,,0.09126647310511257,-0.007397815119475126,5423.19914603,2.4748666286468506,433369.0,,1.0,0.900390625,68.14506783800061,0.0,0.014011688897913923,0.900390625,,2.628126860924697e-05,52.0,0.900390625,0.859375,6.072231606000059,80.2942385673523,84.015625,68.14506783800061,366.0,0.0004339449811335986,1e-06,0.1295285906110491,762.408203125,,0.001,-2.4748666286468506,433369.0,2.4748666286468506,0.0,
,,1.0,6634.131918002832,0.25962820649147034,425524.0,,5.356892167999831,734.1502145922747,27566646.0,1.265625,0.91015625,0.1362989842891693,0.04858406626888281,32.36604545799946,425524.0,-0.009773320518434048,20.67368621500009,1.1030042918454936,425524.0,0.00994025704588879,0.15625,36.234474182128906,2.9130434782608696,105.9609375,0.91015625,,,0.0,367,1779665826.951076,425524.0,,0.0,1024.0,0.00025562432201237036,747.6796875,0.91015625,0.91015625,315.0,0.1087742839999919,0.0,,159.0,0.0,884.7391304347826,,-2.4748666286468506,,0.08454814754500763,-0.009773320518434048,5486.256152163,1.6201815605163574,425524.0,,1.0,0.91015625,64.14162474600016,0.0,0.01320066579323346,0.91015625,,0.00010415327482473071,56.0,0.91015625,0.78125,5.617200110999875,80.2942385673523,83.421875,64.14162474600016,367.0,0.00026600930707192875,1e-06,0.12825515066032056,747.6796875,,0.001,-2.4748666286468506,425524.0,1.6201815605163574,0.0,
,,1.0,6606.977192498705,0.1193707212805748,415776.0,,5.2754114970002774,705.4110169491526,27949458.0,1.291015625,0.921875,0.1430070549249649,0.0485480486920826,31.833950591999383,415776.0,-0.0010426250519230962,20.185113492999335,1.0466101694915255,415776.0,0.0010500619940173167,0.166015625,36.23875045776367,4.175,105.9609375,0.921875,,,0.0,368,1779665890.0081103,415776.0,,0.0,1024.0,0.0002572378396075879,727.03125,0.921875,0.921875,307.0,0.10695332000068447,0.0,,172.0,0.0,982.15,,-1.6201815605163574,,0.08551996183107506,-0.0010426250519230962,5548.047813712,1.6201815605163574,415776.0,,1.0,0.921875,62.92983733500023,0.0,0.013255940595417464,0.921875,,5.287175711670828e-05,47.0,0.921875,0.90625,5.511501957000291,80.2942385673523,85.03125,62.92983733500023,368.0,8.678592936261199e-05,1e-06,0.12786166971692672,727.03125,,0.001,-1.6201815605163574,415776.0,1.6201815605163574,0.0,
,,1.0,6575.882891373237,0.21422946453094482,405589.0,,5.14858880599968,697.6324435318276,28321698.0,1.0234375,0.951171875,0.13824547827243805,0.04865954665930372,31.313325946999612,405589.0,0.0024256829638034105,19.735776870000336,0.9794661190965093,405589.0,-0.002411074649829131,0.119140625,36.296470642089844,1.88,105.9609375,0.951171875,,,0.0,369,1779665951.7997596,405589.0,,0.0,1024.0,0.0002577419653877605,708.556640625,0.951171875,0.951171875,390.0,0.10453730599965638,0.0,,156.0,0.0,921.36,,-2.4748666286468506,,0.08631468006042106,0.0024256829638034105,5609.292245215,1.20761239528656,405589.0,,1.0,0.951171875,61.67825776400059,0.0,0.01321241625882264,0.951171875,,0.00015833656368922602,51.0,0.951171875,0.921875,5.3588106979996155,80.2942385673523,83.609375,61.67825776400059,369.0,0.00020446521039747706,1e-06,0.12144341606360215,708.556640625,,0.001,-2.4748666286468506,405589.0,1.20761239528656,0.0,
,,1.0,6502.6498266062745,0.22756558656692505,397516.0,,5.125171472000147,693.87374749499,28684479.0,0.91015625,0.974609375,0.12944379448890686,0.047896347749524594,31.418777467999462,397516.0,-0.00199045124463737,19.039564572000018,0.8697394789579158,397516.0,0.0019599883630871773,0.1015625,36.27089309692383,2.4615384615384617,105.9609375,0.974609375,,,0.0,370,1779666013.0441284,397516.0,,0.0,1024.0,0.00026811609595483576,699.7421875,0.974609375,0.974609375,313.0,0.1065804379995825,0.0,,115.0,0.0,925.0,,-2.4748666286468506,,0.08769629849163046,-0.00199045124463737,5674.314203401,0.35355237126350403,397516.0,,1.0,0.974609375,61.13138652700036,0.0,0.013635109713823234,0.974609375,,0.00012123985325160903,49.0,0.974609375,0.921875,5.420174273000157,80.2942385673523,76.65625,61.13138652700036,370.0,0.00016381714260205627,1e-06,0.11738901019096375,699.7421875,,0.001,-2.4748666286468506,397516.0,0.35355237126350403,0.0,
,,1.0,6461.712669660604,0.16631931066513062,419404.0,,5.28619410400006,715.2370689655172,29042747.0,1.20703125,0.90625,0.13063064217567444,0.04852458129393225,33.61716985899966,419404.0,-0.0009016987169161439,20.351403493000362,1.040948275862069,419404.0,0.0007187834081168359,0.123046875,36.25026321411133,2.8125,105.9609375,0.90625,,,0.0,371,1779666078.0661414,419404.0,,0.0,1024.0,0.0002548358313214311,738.6953125,0.90625,0.90625,371.0,0.10687916699953348,0.0,,140.0,0.0,965.4583333333334,,-1.6201815605163574,,0.08888446125188958,-0.0009016987169161439,5743.685695739,2.4748666286468506,419404.0,,1.0,0.90625,64.90601198799959,0.0,0.013180308266016188,0.90625,,9.691889174344117e-05,43.0,0.90625,0.921875,5.5278740080002535,80.2942385673523,80.453125,64.90601198799959,371.0,0.0001471748372960764,1e-06,0.12679284123273996,738.6953125,,0.001,-1.6201815605163574,419404.0,2.4748666286468506,0.0,
,,1.0,6228.786637619581,0.3577550947666168,431349.0,,5.4712153670006956,738.0400890868597,29420959.0,1.291015625,0.876953125,0.15050169825553894,0.04897677892379357,36.75001714700011,431349.0,-0.001549246720969677,21.12608461199943,1.1603563474387528,431349.0,0.0014857581741775253,0.1796875,36.243465423583984,2.2222222222222223,105.9609375,0.876953125,,,0.0,372,1779666147.4375002,431349.0,,0.0,1024.0,0.0002621083160035249,760.556640625,0.876953125,0.876953125,332.0,0.11306015999980445,0.0,,165.0,0.0,921.031746031746,,-2.4748666286468506,,0.09437479525686653,-0.001549246720969677,5810.130439359,2.4748666286468506,431349.0,,1.0,0.876953125,69.25088706599945,0.0,0.013373753304168456,0.876953125,,9.80367338862769e-05,52.0,0.876953125,0.78125,5.7687551139997595,80.2942385673523,81.921875,69.25088706599945,372.0,0.0005636098015072223,1e-06,0.13454170072717325,760.556640625,,0.001,-2.4748666286468506,431349.0,2.4748666286468506,0.0,
,,1.0,6462.350898312166,0.2688217759132385,428611.0,,5.43013959199925,730.775641025641,29810364.0,1.333984375,0.9140625,0.1458200216293335,0.048809651341191765,34.101106883000284,428611.0,-0.0033509491477161646,20.920353470999544,1.1987179487179487,428611.0,0.0033622219516136857,0.205078125,36.23661422729492,2.772727272727273,105.9609375,0.9140625,,,0.0,373,1779666213.8823407,428611.0,,0.0,1024.0,0.0002659078465097216,752.505859375,0.9140625,0.9140625,346.0,0.11397102800037828,0.0,,235.0,0.0,983.6363636363636,,-2.4748666286468506,,0.08850924355084518,-0.0033509491477161646,5875.107155694,2.4748666286468506,428611.0,,1.0,0.9140625,66.32431552300022,0.0,0.013397566224384783,0.9140625,,0.00014430604372777183,35.0,0.9140625,0.828125,5.742344256999786,80.2942385673523,84.625,66.32431552300022,373.0,0.00021410028717515093,1e-06,0.12895559078013455,752.505859375,,0.001,-2.4748666286468506,428611.0,2.4748666286468506,0.0,
,,1.0,6485.701579877781,0.27223828434944153,420676.0,,5.6237633649998315,732.0403225806451,30195647.0,1.267578125,0.96875,0.15095748007297516,0.04797212382451061,33.36371513999984,420676.0,5.942598727415316e-05,20.180721161999827,1.2016129032258065,420676.0,4.4115991504104047e-05,0.162109375,36.21371078491211,3.3125,105.9609375,0.96875,,,0.0,374,1779666278.8589253,420676.0,,0.0,1024.0,0.00025415993306013074,739.1328125,0.96875,0.96875,299.0,0.10691898400000355,0.0,,147.0,0.0,959.0,,-2.4748666286468506,,0.08816210704055598,5.942598727415316e-05,5938.601707919,2.4748666286468506,420676.0,,1.0,0.96875,64.86206539399973,0.0,0.013227280603125786,0.96875,,8.907437101394558e-06,45.0,0.96875,0.921875,5.5643994950005435,80.2942385673523,82.5,64.86206539399973,374.0,0.00026832366253344206,1e-06,0.1305286619398329,739.1328125,,0.001,-2.4748666286468506,420676.0,2.4748666286468506,0.0,
,,1.0,6518.771005763874,0.2910029888153076,413163.0,,5.242184167999767,712.2070393374742,30574083.0,1.1015625,0.943359375,0.15869085490703583,0.04864962431050172,32.433258374000616,413163.0,-0.0009992393897846341,20.10022472899982,0.9855072463768116,413163.0,0.0010884923932070916,0.1171875,36.226287841796875,3.0344827586206895,105.9609375,0.943359375,,,0.0,375,1779666342.3536286,413163.0,,0.0,1024.0,0.0002599814165351557,726.115234375,0.943359375,0.943359375,363.0,0.10741470199991454,0.0,,136.0,0.0,957.7586206896551,,-2.4748666286468506,,0.08723988254597755,-0.0009992393897846341,6007.01372403,2.4748666286468506,413163.0,,1.0,0.943359375,63.38050525700055,2.701330231502652e-06,0.0132633156744432,0.943359375,,3.96350841531155e-05,49.0,0.943359375,0.890625,5.479911293999976,80.2942385673523,80.84375,63.38050525700055,375.0,0.00040289576617606846,1e-06,0.12929655038393462,726.115234375,,0.001,-2.4748666286468506,413163.0,2.4748666286468506,0.0,
,,1.0,6372.272599362535,0.3350966274738312,435132.0,,5.594178114999522,752.8379530916844,30945854.0,1.228515625,0.916015625,0.15535259246826172,0.04787198340733494,35.961297808999916,435132.0,-0.008361052721738815,20.830631884000468,1.1215351812366738,435132.0,0.008522652212247652,0.140625,36.255714416503906,2.395348837209302,105.9609375,0.916015625,,,0.0,376,1779666410.765645,435132.0,,0.0,1024.0,0.0002473493146909172,767.1015625,0.916015625,0.916015625,307.0,0.1076296020000882,0.0,,130.0,0.0,922.6744186046511,,-2.4748666286468506,,0.0915614218726128,-0.008361052721738815,6075.196086526,1.6201815605163574,435132.0,,1.0,0.916015625,68.28521429600005,0.0,0.013260435417298409,0.916015625,,7.551275271972762e-05,49.0,0.916015625,0.796875,5.770039783999891,80.2942385673523,82.765625,68.28521429600005,376.0,0.0005722952170929473,1e-06,0.12757762069148676,767.1015625,,0.001,-2.4748666286468506,435132.0,1.6201815605163574,0.0,
,,1.0,6317.394098710896,0.41145774722099304,429974.0,,5.438088955000239,746.9296375266524,31338610.0,1.115234375,0.916015625,0.13352523744106293,0.048517094494085276,35.934274381999785,429974.0,-0.0032624334562569857,20.861089187999823,1.070362473347548,429974.0,0.0033141736424079646,0.123046875,36.20694351196289,1.6046511627906976,105.9609375,0.916015625,,,0.0,377,1779666478.9479945,429974.0,,0.0,1024.0,0.0002499176601361732,755.13671875,0.916015625,0.916015625,380.0,0.10745809599939093,0.0,,156.0,0.0,844.6511627906976,,-2.4748666286468506,,0.09294228172154201,-0.0032624334562569857,6139.308578208,0.935412585735321,429974.0,,1.0,0.916015625,68.06192447099966,0.0,0.013266714666467509,0.916015625,,0.00011581278375548141,53.0,0.916015625,0.875,5.704342371999701,80.2942385673523,84.65625,68.06192447099966,377.0,0.00031735993252368644,1e-06,0.12485269926212451,755.13671875,,0.001,-2.4748666286468506,429974.0,0.935412585735321,0.0,
,,1.0,6546.103643734023,0.15312625467777252,418920.0,,5.311052952999489,722.9352818371608,31725240.0,1.08984375,0.935546875,0.15175262093544006,0.048768148856582004,32.5908311409994,418920.0,-0.0022258248645812273,20.429952918999334,0.9665970772442589,418920.0,0.0022363245057371948,0.154296875,36.22664260864258,2.878787878787879,105.9609375,0.935546875,,,0.0,378,1779666543.060333,418920.0,,0.0,1024.0,0.0002550298076021983,735.796875,0.935546875,0.935546875,384.0,0.10683708700071293,0.0,,132.0,0.0,922.4848484848485,,-2.4748666286468506,,0.0865102438390547,-0.0022258248645812273,6202.587670335,2.4748666286468506,418920.0,,1.0,0.935546875,63.995320392000394,0.0,0.013223705526114238,0.935546875,,-5.624189611808106e-06,47.0,0.935546875,0.828125,5.539674718999777,80.2942385673523,82.40625,63.995320392000394,378.0,7.241525096245683e-05,1e-06,0.1298011549963401,735.796875,,0.001,-2.4748666286468506,418920.0,2.4748666286468506,0.0,
,,1.0,6674.867149523637,0.34002211689949036,421611.0,,5.292423244999554,713.446088794926,32101968.0,1.35546875,0.923828125,0.15227386355400085,0.04796625390703745,31.650093532999563,421611.0,-0.010268725454807281,20.22310027599997,1.1839323467230445,421611.0,0.01019258399631966,0.1640625,36.255985260009766,3.4358974358974357,105.9609375,0.923828125,,,0.0,379,1779666606.339554,421611.0,,0.0,1024.0,0.00025177775485129704,735.318359375,0.923828125,0.923828125,338.0,0.1061522710006102,0.0,,168.0,0.0,1000.5897435897435,,-2.4748666286468506,,0.08406778933710038,-0.010268725454807281,6266.54605474,2.4748666286468506,421611.0,,1.0,0.923828125,63.16395376199944,2.5983608793467283e-06,0.01393539678993179,0.923828125,,5.2434835298400785e-06,53.0,0.923828125,0.796875,5.875316575999932,80.2942385673523,88.140625,63.16395376199944,379.0,0.0006856884283479303,1e-06,0.1347140438026852,735.318359375,,0.001,-2.4748666286468506,421611.0,2.4748666286468506,0.0,
,,1.0,6589.325920727336,0.005151673685759306,420501.0,,5.311643604999517,718.703056768559,32478451.0,1.111328125,0.89453125,0.15415698289871216,0.04801247951134506,32.326389342000766,420501.0,-0.0014237328432500362,20.189295647000108,0.9279475982532751,420501.0,0.0014050286953096037,0.12890625,36.23282241821289,2.6666666666666665,105.9609375,0.89453125,,,0.0,380,1779666670.2979684,420501.0,,0.0,1024.0,0.00025202729125434507,737.837890625,0.89453125,0.89453125,377.0,0.10597772799974337,0.0,,149.0,0.0,900.1296296296297,,-2.4748666286468506,,0.08557093636125601,-0.0014237328432500362,6330.857485661,1.20761239528656,420501.0,,1.0,0.89453125,63.81548053000006,0.0,0.013948593092524334,0.89453125,,0.00017817205985516516,51.0,0.89453125,0.96875,5.865397343999575,80.2942385673523,83.453125,63.81548053000006,380.0,0.0,1e-06,0.13442472396073518,737.837890625,,0.001,-2.4748666286468506,420501.0,1.20761239528656,0.0,
,,1.0,6567.841272127056,0.2463214099407196,421594.0,,5.33072053900014,722.390756302521,32856224.0,1.07421875,0.9296875,0.1359841674566269,0.04851869280872172,32.700317754000025,421594.0,-0.005792722105979919,20.455189776000225,0.9957983193277311,421594.0,0.00595598782484348,0.15234375,36.25727844238281,2.111111111111111,105.9609375,0.9296875,,,0.0,381,1779666734.609326,421594.0,,0.0,1024.0,0.0002492681371178949,741.48828125,0.9296875,0.9296875,364.0,0.10508995100008178,0.0,,163.0,0.0,994.0,,-2.4748666286468506,,0.08613461564842674,-0.005792722105979919,6395.52425978,2.4748666286468506,421594.0,,1.0,0.9296875,64.19064994600012,0.0,0.013239874118226887,0.9296875,,-1.4308812821512289e-05,51.0,0.9296875,0.875,5.581851488999746,80.2942385673523,81.9375,64.19064994600012,381.0,0.0005149197543057828,1e-06,0.12910237707770789,741.48828125,,0.001,-2.4748666286468506,421594.0,2.4748666286468506,0.0,
,,1.0,6620.111369907176,0.3066689670085907,427325.0,,5.427559597999789,729.8308026030369,33235866.0,1.181640625,0.900390625,0.169481560587883,0.04777821097057352,32.92671049099954,427325.0,-0.0018684520618990064,20.41682400300033,1.0477223427331888,427325.0,0.001727520445085786,0.19140625,36.30341720581055,2.392156862745098,105.9609375,0.900390625,,,0.0,382,1779666799.276194,427325.0,,0.0,1024.0,0.00024800738079949796,748.775390625,0.900390625,0.900390625,346.0,0.10597975400014548,0.0,,156.0,0.0,920.0196078431372,,-2.4748666286468506,,0.08588687907338165,-0.0018684520618990064,6460.225620568,2.4748666286468506,427325.0,,1.0,0.900390625,64.54951829699985,0.0,0.01323385366641265,0.900390625,,-8.013939878360866e-05,46.0,0.900390625,0.796875,5.655156517999785,80.2942385673523,85.84375,64.54951829699985,382.0,0.00037985141076475246,1e-06,0.13305743783712387,748.775390625,,0.001,-2.4748666286468506,427325.0,2.4748666286468506,0.0,
,,1.0,6530.286883405751,0.22919607162475586,421762.0,,5.341895655999906,727.245243128964,33619239.0,1.01953125,0.923828125,0.15364044904708862,0.04862826642988159,33.06811351600027,421762.0,-0.0034858647268265486,20.50955490599972,0.9957716701902748,421762.0,0.0036271424895083465,0.13671875,36.27857971191406,1.3076923076923077,105.9609375,0.923828125,,,0.0,383,1779666863.9772902,421762.0,,0.0,1024.0,0.00025079372015380174,740.36328125,0.923828125,0.923828125,314.0,0.10577526099950774,0.0,,140.0,0.0,899.4615384615385,,-2.4748666286468506,,0.08723576769217041,-0.0034858647268265486,6521.798406878,1.20761239528656,421762.0,,1.0,0.923828125,64.58552396400046,0.0,0.013142568704623398,0.923828125,,3.504533759513396e-05,44.0,0.923828125,0.890625,5.5430360619993735,80.2942385673523,83.390625,64.58552396400046,383.0,0.00018983863830928586,1e-06,0.12318414642854973,740.36328125,,0.001,-2.4748666286468506,421762.0,1.20761239528656,0.0,
,,1.0,6629.893954017659,0.29807618260383606,407471.0,,5.144891934999578,696.286012526096,33998305.0,1.091796875,0.935546875,0.16821756958961487,0.04790215787626711,31.033581357999537,407471.0,-0.002251422731205821,19.518740172000435,0.9937369519832986,407471.0,0.002417442030631579,0.115234375,36.23186492919922,2.515151515151515,105.9609375,0.935546875,,,0.0,384,1779666925.5502942,407471.0,,0.0,1024.0,0.0002566639270024085,715.138671875,0.935546875,0.935546875,314.0,0.10458310699959839,0.0,,139.0,0.0,988.7878787878788,,-2.4748666286468506,,0.08475623815857265,-0.002251422731205821,6588.645715063,1.6201815605163574,407471.0,,1.0,0.935546875,61.45965573899957,2.778812183980615e-06,0.013844796360967505,0.935546875,,1.5381102536174203e-05,51.0,0.935546875,0.921875,5.641353017999791,80.2942385673523,80.703125,61.45965573899957,384.0,0.0005469268687123146,1e-06,0.13168730586767197,715.138671875,,0.001,-2.4748666286468506,407471.0,1.6201815605163574,0.0,
,,1.0,6360.997161134396,0.2599624991416931,424472.0,,5.315588743999797,727.7521367521367,34364456.0,1.15625,0.9140625,0.16644540429115295,0.04873563176134173,35.0218757090006,424472.0,-0.00271789263933897,20.686911085000247,1.0235042735042734,424472.0,0.0030263065946874797,0.146484375,36.25498580932617,2.5681818181818183,105.9609375,0.9140625,,,0.0,385,1779666992.397645,424472.0,,0.0,1024.0,0.0002480132564693584,748.59375,0.9140625,0.9140625,366.0,0.10527468300006149,0.0,,157.0,0.0,970.2727272727273,,-2.4748666286468506,,0.09137412781517584,-0.00271789263933897,6656.519712165,2.4748666286468506,424472.0,,1.0,0.9140625,66.73041808500057,2.5764896202384045e-06,0.013149704039371516,0.9140625,,7.694767245320017e-05,51.0,0.9140625,0.8125,5.581681173000106,80.2942385673523,80.453125,66.73041808500057,385.0,0.0004629589419454095,1e-06,0.1324662541349729,748.59375,,0.001,-2.4748666286468506,424472.0,2.4748666286468506,0.0,
,,1.0,6383.499327422872,0.24218697845935822,432514.0,,5.498801755999921,739.7400419287212,34747736.0,1.001953125,0.931640625,0.14775483310222626,0.048213016600619586,35.525285384999734,432514.0,-0.007244736421853304,20.85280466200038,0.9475890985324947,432514.0,0.0071532430426616755,0.130859375,36.256385803222656,1.7428571428571429,105.9609375,0.931640625,,,0.0,386,1779667060.2715065,432514.0,,0.0,1024.0,0.00025191206527505015,757.45703125,0.931640625,0.931640625,389.0,0.10895549500037305,0.0,,158.0,0.0,998.9142857142857,,-2.4748666286468506,,0.0916029822880829,-0.007244736421853304,6717.344279886,2.4748666286468506,432514.0,,1.0,0.931640625,67.75500048100002,0.0,0.01330045488700987,0.931640625,,6.059512335403789e-05,52.0,0.931640625,0.875,5.752632945000187,80.2942385673523,87.296875,67.75500048100002,386.0,0.0002604081091703847,1e-06,0.12888679866279876,757.45703125,,0.001,-2.4748666286468506,432514.0,2.4748666286468506,0.0,
,,1.0,6517.856072204151,0.25910910964012146,395690.0,,5.285775452000053,686.1353535353535,35135554.0,1.041015625,0.966796875,0.14016960561275482,0.048057525795446435,30.991919047999545,395690.0,-0.004451645538210869,19.0158823820002,0.9919191919191919,395690.0,0.0045378350839018824,0.060546875,36.22568893432617,2.4705882352941178,105.9609375,0.966796875,,,0.0,387,1779667121.096177,395690.0,,0.0,1024.0,0.00026660430892983656,691.28515625,0.966796875,0.966796875,293.0,0.10549265900044702,0.0,,125.0,0.0,841.2352941176471,,-2.4748666286468506,,0.08756312983629773,-0.004451645538210869,6780.026789105,0.7245674133300781,395690.0,,1.0,0.966796875,60.708612712000104,0.0,0.013375459511233251,0.966796875,,4.394100933495793e-05,52.0,0.966796875,0.90625,5.292535573999885,80.2942385673523,81.546875,60.708612712000104,387.0,0.00022951706632738932,1e-06,0.1285029837489128,691.28515625,,0.001,-2.4748666286468506,395690.0,0.7245674133300781,0.0,
,,1.0,6491.608787519782,0.25911378860473633,406122.0,,5.104471315999945,705.9672801635992,35489492.0,0.990234375,0.955078125,0.1431995928287506,0.04865705393453226,32.240606391000256,406122.0,-0.004680795129388571,19.76070005800011,0.9570552147239264,406122.0,0.004589370308587184,0.123046875,36.273536682128906,1.6956521739130435,105.9609375,0.955078125,,,0.0,388,1779667183.7786338,406122.0,,0.0,1024.0,0.0002516782075350331,713.95703125,0.955078125,0.955078125,309.0,0.1022120570005427,0.0,,150.0,0.0,883.8260869565217,,-2.4748666286468506,,0.08819849318827248,-0.004680795129388571,6846.510603891,0.935412585735321,406122.0,,1.0,0.955078125,62.56107126799998,0.0,0.013138563520320832,0.955078125,,6.945139242676445e-05,44.0,0.955078125,0.875,5.335859693999737,80.2942385673523,79.25,62.56107126799998,388.0,0.00013510274360529505,1e-06,0.13006417023447844,713.95703125,,0.001,-2.4748666286468506,406122.0,0.935412585735321,0.0,
,,1.0,6325.163161773862,0.3149433434009552,419765.0,,5.313733379999576,722.2596566523605,35855038.0,0.8671875,0.91015625,0.1275438815355301,0.047833837404261295,35.25327764099984,419765.0,-0.00024254449817817658,20.07897075799974,0.8412017167381974,419765.0,0.00013791505868236223,0.10546875,36.21329879760742,1.1304347826086956,105.9609375,0.91015625,,,0.0,389,1779667250.2625306,419765.0,,0.0,1024.0,0.00025773823448800825,736.509765625,0.91015625,0.91015625,384.0,0.10818948999985878,0.0,,168.0,0.0,880.8695652173913,,-2.4748666286468506,,0.09348695849830106,-0.00024254449817817658,6912.875137192,2.4748666286468506,419765.0,,1.0,0.91015625,66.36429595000027,0.0,0.013324956508999775,0.91015625,,-0.00011285233455072119,50.0,0.91015625,0.875,5.593350369000291,80.2942385673523,83.34375,66.36429595000027,389.0,0.0003635340248432907,1e-06,0.12457594910153637,736.509765625,,0.001,-2.4748666286468506,419765.0,2.4748666286468506,0.0,
,,1.0,6403.518916089086,0.3305181860923767,424217.0,,5.4764999349999925,716.8129175946548,36232131.0,1.09765625,0.876953125,0.15277734398841858,0.048596891958596275,34.46286064599917,424217.0,-0.009670065715909004,20.615627715999835,0.9376391982182628,424217.0,0.009691246630003056,0.154296875,36.26129150390625,2.238095238095238,105.9609375,0.876953125,,,0.0,390,1779667316.6269732,424217.0,,0.0,1024.0,0.0002531858341360718,744.470703125,0.876953125,0.876953125,321.0,0.10740573499970196,0.0,,128.0,0.0,941.5873015873016,,-2.4748666286468506,,0.09041359776371943,-0.009670065715909004,6974.260409556,2.4748666286468506,424217.0,,1.0,0.876953125,66.24748135499976,0.0,0.013125699618357186,0.876953125,,1.5896408917291814e-05,49.0,0.876953125,0.765625,5.56814491500063,80.2942385673523,84.078125,66.24748135499976,390.0,0.0006411978888704821,1e-06,0.1329576748388785,744.470703125,,0.001,-2.4748666286468506,424217.0,2.4748666286468506,0.0,
,,1.0,6561.858144901528,0.1587671935558319,402059.0,,5.085697534000246,699.8273092369478,36613300.0,1.001953125,0.97265625,0.15893276035785675,0.04856596465692902,31.204808433000835,402059.0,0.0011399636277928948,19.526383184000224,0.9558232931726908,402059.0,-0.0011269864486530424,0.0546875,36.266849517822266,2.642857142857143,105.9609375,0.97265625,,,0.0,391,1779667378.0122886,402059.0,,0.0,1024.0,0.00025272923874395043,705.787109375,0.97265625,0.97265625,317.0,0.10161206500015396,0.0,,127.0,0.0,917.7857142857143,,-2.4748666286468506,,0.0863530810653023,0.0011399636277928948,7039.592611149,2.4748666286468506,402059.0,,1.0,0.97265625,61.272126144999675,0.0,0.013272967367973319,0.97265625,,6.122838532306218e-05,53.0,0.97265625,0.9375,5.336515986999984,80.2942385673523,79.484375,61.272126144999675,391.0,0.00015958256233716383,1e-06,0.12302610129117966,705.787109375,,0.001,-2.4748666286468506,402059.0,2.4748666286468506,0.0,
,,1.0,6408.043381376471,0.34592804312705994,417886.0,,5.2781834449997405,722.8707070707071,36974663.0,0.916015625,0.966796875,0.14493179321289062,0.04851740498365656,33.94372399999975,417886.0,-0.005871635861694813,20.274744299000304,0.8707070707070707,417886.0,0.006085892621841695,0.080078125,36.22140884399414,2.235294117647059,105.9609375,0.966796875,,,0.0,392,1779667443.3442976,417886.0,,0.0,1024.0,0.00026178220136501744,729.13671875,0.966796875,0.966796875,359.0,0.10939511699962168,0.0,,173.0,0.0,911.5882352941177,,-2.4748666286468506,,0.09092442368168625,-0.005871635861694813,7102.271286508,0.935412585735321,417886.0,,1.0,0.966796875,65.21272955399945,0.0,0.01337534428528326,0.966796875,,0.0001071545133426197,52.0,0.966796875,0.859375,5.58936912199988,80.2942385673523,87.046875,65.21272955399945,392.0,0.0004156517582790305,1e-06,0.12106679931834892,729.13671875,,0.001,-2.4748666286468506,417886.0,0.935412585735321,0.0,
,,1.0,6447.094126089079,0.2960264980792999,403348.0,,5.384771567999451,698.5902636916836,37347981.0,1.07421875,0.962890625,0.13955079019069672,0.04797622402987211,32.354850138000074,403348.0,-0.010223107412457466,19.351114010000856,0.9918864097363083,403348.0,0.010269012024554495,0.091796875,36.21662521362305,3.210526315789474,105.9609375,0.962890625,,,0.0,393,1779667506.0232422,403348.0,,0.0,1024.0,0.0002623074541091001,707.2265625,0.962890625,0.962890625,345.0,0.1058011869999973,0.0,,142.0,0.0,931.3157894736842,,-2.4748666286468506,,0.08935335580778811,-0.010223107412457466,7167.46735631,1.20761239528656,403348.0,,1.0,0.962890625,62.56275961099982,0.0,0.01326145486279987,0.962890625,,-4.91704572945869e-05,53.0,0.962890625,0.859375,5.348981296000602,80.2942385673523,80.5625,62.56275961099982,393.0,0.00032556221245053725,1e-06,0.12796243910606092,707.2265625,,0.001,-2.4748666286468506,403348.0,1.20761239528656,0.0,
,,1.0,6637.0360568896795,0.3215545415878296,431939.0,,5.4892980360000365,738.3960612691466,37710081.0,1.1171875,0.892578125,0.13101863861083984,0.04862555193673114,32.73494630000005,431939.0,-0.0029138955287635326,21.003272277999713,0.9824945295404814,431939.0,0.0029621910717752245,0.12890625,36.26261520385742,2.2363636363636363,105.9609375,0.892578125,,,0.0,394,1779667571.2191556,431939.0,,0.0,1024.0,0.0002523455649975801,756.146484375,0.892578125,0.892578125,312.0,0.10899789099948975,0.0,,154.0,0.0,903.6363636363636,,-2.4748666286468506,,0.0845543070203309,-0.0029138955287635326,7230.079511054,2.4748666286468506,431939.0,,1.0,0.892578125,65.08010447700053,0.0,0.013252586455495671,0.892578125,,-0.00011543692799612607,52.0,0.892578125,0.8125,5.724308941000345,80.2942385673523,87.484375,65.08010447700053,394.0,0.00037900174949619987,1e-06,0.1309726861891923,756.146484375,,0.001,-2.4748666286468506,431939.0,2.4748666286468506,0.0,
,,1.0,6585.293646357301,0.18779140710830688,411548.0,,5.186415318999934,713.264765784114,38097228.0,0.9140625,0.958984375,0.1427365243434906,0.04788326958945218,32.02116506400034,411548.0,-0.002406812971457839,19.706263832999866,0.8737270875763747,411548.0,0.0024043664049643735,0.09375,36.2264404296875,1.8571428571428572,105.9609375,0.958984375,,,0.0,395,1779667633.8314104,411548.0,,0.0,1024.0,0.00025868369910820487,723.8671875,0.958984375,0.958984375,352.0,0.1064607590005835,0.0,,124.0,0.0,971.7619047619048,,-2.4748666286468506,,0.08639891280556997,-0.002406812971457839,7292.617811808,0.35355237126350403,411548.0,,1.0,0.958984375,62.49501117199998,0.0,0.013260819578760468,0.958984375,,-4.411941748772873e-05,46.0,0.958984375,0.921875,5.457463775999713,80.2942385673523,79.9375,62.49501117199998,395.0,0.00012066339359779914,1e-06,0.12660232243629602,723.8671875,,0.001,-2.4748666286468506,411548.0,0.35355237126350403,0.0,
,,1.0,6561.598800053628,0.11692166328430176,409441.0,,5.156636540000363,705.0122448979591,38467848.0,0.8515625,0.95703125,0.1442839354276657,0.04793939084996306,32.10160633899977,409441.0,-0.0016726043540984392,19.628352128999722,0.8142857142857143,409441.0,0.0018713166579031027,0.060546875,36.23142623901367,1.6818181818181819,105.9609375,0.95703125,,,0.0,396,1779667696.3697252,409441.0,,0.0,1024.0,0.0002574077852482331,713.501953125,0.95703125,0.95703125,323.0,0.1053933009998218,0.0,,153.0,0.0,902.5909090909091,,-2.4748666286468506,,0.08787425122839804,-0.0016726043540984392,7355.394232438,0.935412585735321,409441.0,,1.0,0.95703125,62.3995785900006,0.0,0.01316451836284089,0.95703125,,0.00013355224627258183,50.0,0.95703125,0.890625,5.390093562999937,80.2942385673523,86.1875,62.3995785900006,396.0,6.482571384717281e-05,1e-06,0.12305504857347561,713.501953125,,0.001,-2.4748666286468506,409441.0,0.935412585735321,0.0,
,,1.0,6433.333471870486,0.2426864355802536,403137.0,,5.123812026999985,694.7145790554415,38833161.0,1.015625,0.951171875,0.13175006210803986,0.048914468870384364,32.35208529600004,403137.0,-0.004714264068752527,19.719232237000142,0.944558521560575,403137.0,0.0046753097647944325,0.080078125,36.229278564453125,2.4,105.9609375,0.951171875,,,0.0,397,1779667759.1461437,403137.0,,0.0,1024.0,0.00026129151876373865,705.064453125,0.951171875,0.951171875,370.0,0.10533627899985731,0.0,,160.0,0.0,906.68,,-2.4748666286468506,,0.08961970258703089,-0.004714264068752527,7418.44568756,1.20761239528656,403137.0,,1.0,0.951171875,62.66378103400075,0.0,0.013261722342529364,0.951171875,,4.784961244625335e-05,52.0,0.951171875,0.84375,5.34629096000026,80.2942385673523,82.3125,62.66378103400075,397.0,0.00019711096124060883,1e-06,0.12663237664562005,705.064453125,,0.001,-2.4748666286468506,403137.0,1.20761239528656,0.0,
,,1.0,6601.709950738959,0.3169754445552826,415486.0,,5.575169902000198,711.2796610169491,39194154.0,0.90625,0.921875,0.13275407254695892,0.048088969734239345,31.744701503000215,415486.0,-0.0034782495349645615,19.98029367900017,0.8135593220338984,415486.0,0.003453774950825251,0.154296875,36.232444763183594,2.0,105.9609375,0.921875,,,0.0,398,1779667822.197609,415486.0,,0.0,1024.0,0.000253151194023353,728.07421875,0.921875,0.921875,338.0,0.10518077699998685,0.0,,162.0,0.0,926.25,,-2.4748666286468506,,0.08515803543970399,-0.0034782495349645615,7485.4130286,2.4748666286468506,415486.0,,1.0,0.921875,62.93611853600032,2.701330231502652e-06,0.01327165193773029,0.921875,,0.00011235456191535867,49.0,0.921875,0.859375,5.514185576999807,80.2942385673523,83.421875,62.93611853600032,398.0,0.000616806585010356,1e-06,0.12354672814791019,728.07421875,,0.001,-2.4748666286468506,415486.0,2.4748666286468506,0.0,
,,1.0,6303.974379321627,0.21918539702892303,421417.0,,5.303484997999476,726.2515723270441,39566928.0,1.109375,0.931640625,0.1334652602672577,0.048136149936998135,35.16767664300005,421417.0,-0.0029749516397714615,20.285391897999943,0.9287211740041929,421417.0,0.003016409103740723,0.0859375,36.234493255615234,3.5714285714285716,105.9609375,0.931640625,,,0.0,399,1779667889.1647882,421417.0,,0.0,1024.0,0.0002563422856690573,736.470703125,0.931640625,0.931640625,326.0,0.10802699699979712,0.0,,191.0,0.0,875.7428571428571,,-2.4748666286468506,,0.09326490266606215,-0.0029749516397714615,7892.129013563,1.20761239528656,421417.0,,1.0,0.931640625,66.84941509000055,0.0,0.014160680292917534,0.931640625,,0.00011444167974926901,51.0,0.931640625,0.890625,5.967551407000428,80.2942385673523,86.609375,66.84941509000055,399.0,0.00024776294426723884,1e-06,0.1283957932430964,736.470703125,,0.001,-2.4748666286468506,421417.0,1.20761239528656,0.0,
0.8750947687642153,742.8955648218347,1.0,782.7453883659023,0.26230356097221375,400976.0,717.5653021442495,5.0809166030003325,693.9725158562368,39944001.0,0.958984375,0.923828125,0.14098213613033295,0.04781619907675395,31.948420845000328,400976.0,-0.007797300815582275,19.17314824100049,0.8583509513742071,400976.0,0.007692107787499061,0.0625,36.220863342285156,2.1794871794871793,105.9609375,0.923828125,717.5653021442495,0.8750947687642153,0.0,400,1779668401.5528674,400976.0,920.361153262519,0.0,1024.0,0.0002595645350333117,703.09375,0.923828125,0.923828125,367.0,0.1040791489995172,0.0,345.1634592070004,146.0,0.0,813.7179487179487,0.8750947687642153,-2.4748666286468506,"{'_latest_artifact_path': 'wandb-client-artifact://tl31tnfkqlh3s5ake4nmcawk45ltvkundi72prwyjgznlbpd85u6is16756obeymzit39sxmnf7ru4b1wz056gdrkotsk71ligp0u42i3trlgom7wtfllxjvdw9ut8tp:latest/val/generations.table.json', 'sha256': '4fb73457b5891152f88b4d92c2e3ba81b7f0e675871601089de4f6a94197e1bf', 'size': 18486, '_type': 'table-file', 'nrows': 2, 'path': 'media/table/val/generations_399_4fb73457b5891152f88b.table.json', 'ncols': 10, 'log_mode': 'IMMUTABLE', 'artifact_path': 'wandb-client-artifact://3na11ge3j6xttrg2ghk24y96px3hnbpr3ag82izdvmveqzpiri3btb6ctg2s9q7a1niaqx94acuc0jurvayiiipdlvv8lrdz8ypd8eogqggp5n85xxt0vmkrh0wpbljr/val/generations.table.json'}",0.08874955788312905,-0.007797300815582275,7997.810644498,2.4748666286468506,400976.0,742.8955648218347,1.0,0.923828125,512.2687478709995,0.0,0.013274877376702096,0.923828125,105.45833288299946,0.0001485205238728108,42.0,0.923828125,0.84375,5.3229072310004995,80.2942385673523,80.0625,512.2687478709995,400.0,0.00032060216639925225,1e-06,0.13040136717833006,703.09375,0.8750947687642153,0.001,-2.4748666286468506,400976.0,2.4748666286468506,0.0,920.361153262519
